-1.021794635606128331e-06,-7.451362100353771389e-02
3.879899884099430667e-07,3.409920144196223329e-02
1.003711377773865075e-06,8.586449566563301994e-02
-2.251931183907615786e-07,-1.192286474654312770e-02
6.908393088020224225e-05,7.111278891670207436e+00
7.832107579309637903e-05,1.010943711435653647e+01
8.912059902727533412e-05,1.342512057182195839e+01
9.027716303181670119e-05,1.528909038505300444e+01
1.528230540500756778e-04,2.306920595978335697e+01
1.407748038244950074e-04,2.521564479721048002e+01
1.433925215697677341e-04,2.843713329713168037e+01
1.528474823157155329e-04,3.132868860785495357e+01
2.165834804807845366e-04,3.944633865994613586e+01
1.909068769197050819e-04,4.068875451145103028e+01
1.890233804590162026e-04,4.369618956653994246e+01
2.441442408043207777e-04,5.114153519173561335e+01
2.398122684023458950e-04,5.298426217559497786e+01
2.394407935533067770e-04,5.619786297790802365e+01
2.335574778938327288e-04,5.894882832269435369e+01
3.003411715672282280e-04,6.736892232619568688e+01
3.343703497012649739e-04,7.308990296201123726e+01
2.804891770999744737e-04,7.194367414844856512e+01
2.739742057325518336e-04,7.443871900967262434e+01
3.530903752522841841e-04,8.369486188119434189e+01
3.923451284499986829e-04,8.973097680986882096e+01
3.263868191648976592e-04,8.757986617685796205e+01
2.875094065285626319e-04,8.664092533942957175e+01
4.139679634173051371e-04,9.977872892558086448e+01
4.595793150462374149e-04,1.064995088025782906e+02
3.766423623338081427e-04,1.031861384564595028e+02
3.567336001983838602e-04,1.047306350225661475e+02
4.663478592089370569e-04,1.164189706063255443e+02
5.230286850584985698e-04,1.238205613440594988e+02
3.988613443949395702e-04,1.163466546091196250e+02
3.690198445300046297e-04,1.175736367155805198e+02
5.264542566627636181e-04,1.332501984902427807e+02
2.759269407468727120e-03,3.023952300711513885e+02
7.580096809427420523e-05,1.065438067165138563e+02
-1.572763657918369766e-03,-1.542875596744335454e+01
2.836725483901420247e-03,3.130330083043726290e+02
2.285564368868242286e-03,2.788407974184898421e+02
-1.730025661909258359e-03,-1.701623430833036821e+01
-1.178469735188145302e-03,2.310698228260402942e+01
2.861483745066537281e-03,3.268164026232911965e+02
2.334253996303264824e-03,2.944064292968038217e+02
-1.708524607310939062e-03,-4.485963590048410943e+00
-1.117726716040473101e-03,3.884691925664126444e+01
2.916167207203084876e-03,3.423518180532476549e+02
2.385961213157170545e-03,3.098531161188085434e+02
-1.624338602529204825e-03,1.444392336942552113e+01
-1.069788553251441307e-03,5.485585070390146001e+01
2.964056334720389495e-03,3.581546140933492666e+02
2.403129617976122907e-03,3.223116638465924666e+02
-1.569907323739628581e-03,2.993655602251195091e+01
-1.013832897010917035e-03,7.061096719465426474e+01
3.016702590532001349e-03,3.738059399475797591e+02
2.483520725263463347e-03,3.410296679388602001e+02
-1.522492470120075103e-03,4.591601920426227679e+01
-9.954893212195026122e-04,8.330774312772898327e+01
3.070758894887749661e-03,3.893481161640175401e+02
2.534691100919344436e-03,3.564842182716932939e+02
-1.468773469148806866e-03,6.164141294198857679e+01
-9.078292681642285327e-04,1.025735934688888591e+02
3.117092544770856156e-03,4.053024337393633232e+02
2.579670612700161927e-03,3.721558293551640872e+02
-1.419582848342987617e-03,7.749524244100037151e+01
-8.551477414035291765e-04,1.185962342252718855e+02
3.136190494945555966e-03,4.177722578944843690e+02
2.633087576343581468e-03,3.874439170358147067e+02
-1.363436858527476963e-03,9.319232767670125384e+01
-7.969228097245095949e-04,1.345822398951757748e+02
3.220648655369323914e-03,4.368098258194501113e+02
2.677037633201786310e-03,4.032239810670210431e+02
-1.345762979089861833e-03,1.058405245612695467e+02
-7.384797274285277886e-04,1.504562251971504736e+02
3.274897507774682682e-03,4.525400659057581834e+02
2.726801079986852696e-03,4.187253672408141938e+02
-1.260959084997562455e-03,1.249817438553938018e+02
-6.871415940708062737e-04,1.668700646933240535e+02
3.290968325423132904e-03,4.651545589609008857e+02
2.777453135104076404e-03,4.340808560293191931e+02
-1.205328990175661384e-03,1.408389168411173387e+02
-6.272263693402789974e-04,1.831476437496560266e+02
3.344096684685569920e-03,4.810170120044223268e+02
2.825641900055496543e-03,4.496171716850831217e+02
-1.151587028415759903e-03,1.568308977493060468e+02
-5.681877698762802936e-04,1.995721753823553399e+02
3.428481714646640626e-03,5.003560075601677113e+02
2.866572995632267560e-03,4.654490177283411185e+02
-1.133609239226987878e-03,1.697486809472485447e+02
-5.065921681638958307e-04,2.158956286958450903e+02
3.483653989222931617e-03,5.163904356958076960e+02
2.913440528105163546e-03,4.809722217291067636e+02
-1.045994684361666906e-03,1.893557432086166159e+02
-4.333108717504754190e-04,2.342131142381713289e+02
3.535074579263609330e-03,5.330266104155947460e+02
2.951275305053196844e-03,4.965331020192916185e+02
-9.872229702594210402e-04,2.065041570660247885e+02
-3.397350769750925046e-04,2.541641419706600971e+02
3.607217808900150223e-03,5.511498929740898802e+02
6.421943207590405421e-04,3.380885286133147929e+02
1.648256107061124359e-03,4.148585405611194119e+02
-5.758827770850287030e-04,2.467738208400522240e+02
3.687008522079631128e-03,5.684860446899589306e+02
8.612930574871518205e-04,3.683290714367687428e+02
1.471553740995402201e-03,4.113077032427378867e+02
-1.263614465214458462e-03,2.107693866196420629e+02
2.963280257432986380e-03,5.270519466043990633e+02
1.690433962092138245e-03,4.370161972929155922e+02
8.711622254104757447e-04,3.801578470215914081e+02
8.019279518823136342e-05,3.200862751698017519e+02
2.917777681527372602e-03,5.381138019648803947e+02
1.723755047124651829e-03,4.521610652930086189e+02
8.558945699862449989e-04,3.908247658436281426e+02
-4.667083735730453054e-04,2.911594952647139962e+02
2.881671182423621927e-03,5.468134950501183766e+02
2.457137684225730190e-03,5.196786466639439368e+02
1.034207623496252769e-03,4.152953078341604964e+02
-3.957992214672417992e-04,3.079428812286476500e+02
3.338478663550170297e-03,5.922738396331779995e+02
1.687137084328580588e-03,4.725596169612962854e+02
1.745773320074079163e-03,4.805052369200009252e+02
-4.384963317405724827e-04,3.190981299763497532e+02
3.404067810465032096e-03,6.096431350307592538e+02
1.061309439147779419e-03,4.375096534277665796e+02
1.672406776451032789e-03,4.848550381706854182e+02
-3.739378123933923795e-04,3.347719376376297191e+02
3.146567547749381730e-03,6.007157657210685784e+02
1.244080843756740964e-03,4.613285570588659539e+02
2.318419462324019674e-04,3.904832183021608785e+02
-7.787356745172152117e-04,3.200500830777097008e+02
4.010693428284670820e-03,6.732343904144006501e+02
3.359937352215714833e-03,6.335527363962423806e+02
3.296220735627575118e-04,4.069000014906150682e+02
1.529043514020788069e-03,5.000987409695873112e+02
2.471527999263031534e-03,5.734052941168741881e+02
3.010664676203726828e-03,6.202558364503362327e+02
-1.621973026380974360e-04,3.825758279036920158e+02
2.152464744995926261e-03,5.583694941520786870e+02
1.743954342845727970e-03,5.337554363568225426e+02
2.500469793086267621e-03,5.959337670974633738e+02
-9.898052256786422920e-04,3.389282166641559684e+02
2.350500141948541621e-03,5.835225727067361277e+02
2.341469024807652996e-03,5.855734670993667805e+02
4.205630413473347706e-03,7.309619819181036746e+02
-4.166984871317150796e-04,3.882931194942073034e+02
4.580681528771561443e-04,4.534941392096077379e+02
3.893607023577424619e-03,7.140948638843811977e+02
1.810944280191420508e-03,5.669810572161616165e+02
2.072590462375224069e-03,5.875377502313050400e+02
-5.697556782639559819e-04,3.952402463555138752e+02
4.372713391105686326e-03,7.617736592558721895e+02
1.676314955471468584e-03,5.669404250459186869e+02
5.180415954188121374e-04,4.846519731729136993e+02
1.329205115703425109e-03,5.509858979529927865e+02
4.602718488546887407e-03,7.931860837657200136e+02
1.580432873699203584e-03,5.745119329446279153e+02
1.411984557595433393e-03,5.605254510923087992e+02
6.736822240939362161e-04,5.053843223056915122e+02
3.925891685846301556e-03,7.532724041624322808e+02
2.348489096448217513e-03,6.395957374048932707e+02
1.208471430227892182e-03,5.579997902729544421e+02
4.923489230361921673e-04,5.030450911919285772e+02
3.875913956168030097e-03,7.598897014278588813e+02
2.448701425972352620e-03,6.598849162746565753e+02
-1.191337625709691113e-04,4.736364456792985607e+02
8.074854256554644732e-04,5.393635909025645105e+02
3.195282602559927545e-03,7.260105033907620964e+02
4.263074519332373490e-03,8.038718446241686024e+02
1.490365124888946629e-03,6.033656091585131662e+02
2.592627688610991705e-03,6.797052880209563455e+02
2.085074851846504054e-03,6.536762720262510129e+02
4.219994390552130915e-03,8.111894177969144266e+02
-4.960703188903338836e-04,4.677978502457743275e+02
2.915550289189258303e-03,7.183820467883904257e+02
2.418052382103956944e-03,6.852446296177000704e+02
3.685050432991988662e-03,7.843924939244149073e+02
-5.068654784865139534e-05,5.082503869215777286e+02
2.283757890634398238e-03,6.867030763165631697e+02
3.620210437724884558e-03,7.923219639010441142e+02
3.853672504698312917e-03,8.149896137438581718e+02
2.507306262142153415e-03,7.105573856079723782e+02
-5.407167359360525545e-05,5.247356585435217085e+02
5.071853286128725179e-03,9.084876819100942384e+02
2.225872144750199507e-03,7.019629620290196499e+02
2.518020852909495788e-03,7.272968416588122409e+02
2.352104480221909807e-03,7.263536970471365066e+02
1.982016146308924684e-03,6.919424505703334489e+02
2.589366863058933411e-03,7.411551778926377665e+02
1.597053447129557742e-03,6.677106550165385670e+02
7.257899348713874293e-05,5.621930794182575255e+02
4.708076333911541053e-03,9.019264449632977403e+02
2.460599642328729214e-03,7.480067135711527726e+02
9.917715581506726143e-04,6.358076304121295834e+02
2.501934808808960273e-03,7.518790940551009498e+02
3.282707109115086917e-03,8.157945486980579517e+02
1.971083211500278872e-03,7.177059718076425270e+02
4.982571667887173393e-03,9.393687563612440954e+02
1.949639192830232440e-03,7.210819171153162870e+02
2.358090526058966973e-03,7.548506289904019013e+02
1.840458559378986819e-03,7.262939363322403779e+02
1.773008500900320750e-03,7.120720633524307459e+02
2.517652886969413712e-03,7.726951305984663350e+02
4.788646369114421888e-03,9.477421743568704642e+02
-4.535012138954325824e-05,5.885264788393210438e+02
4.470307446117677275e-03,9.261024722404249587e+02
4.466322075043472576e-05,6.060887910789647322e+02
5.617015653728691348e-03,1.020320738217353210e+03
9.169217178828116663e-05,6.087402629341072497e+02
3.854168053547771516e-03,8.948693130452971900e+02
3.507150630173011107e-03,8.711932480309772018e+02
1.504227260599334337e-03,7.184108592480163225e+02
3.844238676021564504e-03,8.971965265072552711e+02
4.266113235676305057e-03,9.359771461779523634e+02
2.915024163295864678e-03,8.323709373095565525e+02
3.433929784823711289e-03,8.807588075760818356e+02
2.648278078426105457e-03,8.205623736037813387e+02
1.527040972026403936e-03,7.519639800918487254e+02
2.879745390096746099e-03,8.493845376174069770e+02
7.466774896869045851e-04,6.914602520402851269e+02
5.611399221157770470e-03,1.054528219820667346e+03
2.537169949735433670e-03,8.305979721362109558e+02
2.679502711999872527e-03,8.433046106214635529e+02
2.566298200873252337e-03,8.421810356378606457e+02
8.283108628604828961e-04,7.137280450970228003e+02
5.373549449012125258e-03,1.051519688559541692e+03
1.426666960615167806e-04,6.757846465919780030e+02
5.261851885406102283e-03,1.050101106886460911e+03
4.500371518231937478e-04,6.970437768920694452e+02
4.961597289971152874e-03,1.032392865567640229e+03
3.762153426867508314e-04,6.943823562753989336e+02
3.315768912969832734e-03,9.161361257106102585e+02
5.348189966355096359e-04,7.074951985019478116e+02
3.530128034885894519e-03,9.412891675979700494e+02
3.266957769591438774e-03,9.268817345985125939e+02
5.311736136342933533e-03,1.078077164175174175e+03
1.979959814635565921e-03,8.303560571646170274e+02
2.728682433341851621e-03,8.858479286582619352e+02
4.714496857619735089e-03,1.041291753406740554e+03
3.387095644577273624e-03,9.426111203881224583e+02
2.690263606378126993e-03,8.913584840594967318e+02
3.807430249546122150e-03,9.863677987224028811e+02
3.620914411040898184e-03,9.628487641180687433e+02
4.115415046449534195e-03,1.008659272097549888e+03
3.358869758965319415e-03,9.499345611073903228e+02
3.119813404339284203e-03,9.469868414841506592e+02
2.374868000857538030e-03,8.850917071113012753e+02
3.477392525746270894e-03,9.769826903189856466e+02
4.813264730185014273e-03,1.076924464717948922e+03
2.027076817148902848e-03,8.736541340884512010e+02
5.236480484533045585e-03,1.118637069363184992e+03
3.247766440478765462e-03,9.656677221298530185e+02
3.153250763001317746e-03,9.632403062505992466e+02
5.621402588446420233e-03,1.154906216029602319e+03
2.235253324749259148e-03,8.955418577342735489e+02
2.298596401629295766e-03,9.030060045012758110e+02
1.610655195459507203e-03,8.516289533734816359e+02
4.409889621648024026e-03,1.068064235395175274e+03
1.728971480800222489e-03,8.651940137497637124e+02
5.060456974716078318e-03,1.126620075798730568e+03
3.287737021157109262e-03,9.889195003147243597e+02
3.644449139835315762e-03,1.023942471767944426e+03
3.078462173068276415e-03,9.855959327135616377e+02
4.483796773038548934e-03,1.097916572017011731e+03
3.565075259309417703e-03,1.022494651375750209e+03
4.012269111744797175e-03,1.064624380548316594e+03
3.027211758943586933e-03,9.915798543728434424e+02
3.741376424866148589e-03,1.046855330309191913e+03
2.405903682398059535e-03,9.474601253702055601e+02
4.932348837570541163e-03,1.139504708185494337e+03
2.706213850059982322e-03,9.706440040325586551e+02
5.484696736188942982e-03,1.183788737091979783e+03
1.663122363765324671e-03,9.108825952297354434e+02
6.040104038081592699e-03,1.230014608173160923e+03
2.682496379013902220e-03,9.955133372433441536e+02
5.489289498246320564e-03,1.192853371791034760e+03
1.340076387987655833e-03,8.870542191717212290e+02
5.394591182005109564e-03,1.203748352177622564e+03
3.667322976477847135e-03,1.064089343598030155e+03
4.229069671179292063e-03,1.116227196688586446e+03
3.490290801647697935e-03,1.056019948018357354e+03
3.232319544569927771e-03,1.049042231190661823e+03
4.193533147893471064e-03,1.125543057995199206e+03
5.133586018664941866e-03,1.190826561652203054e+03
2.289532228467906425e-03,9.793934793105233894e+02
5.505416178300607741e-03,1.224807881896867002e+03
1.310500606417837419e-03,9.059982614398152236e+02
5.232893332916229052e-03,1.203132056672786575e+03
1.200586200982060002e-03,9.154573576019140546e+02
6.823775531806774639e-03,1.333011164289843919e+03
2.141317018570190311e-03,9.861341951916660946e+02
4.079688038944840993e-03,1.138381505738449277e+03
3.880507774493614261e-03,1.112810931844787319e+03
3.450816765028292665e-03,1.095888137084817799e+03
7.070515300496720695e-03,1.366346602617184772e+03
3.431780758970428766e-03,1.100186387257595698e+03
3.736256023290487460e-03,1.118291857319796463e+03
4.419661243118789065e-03,1.175693004772864469e+03
1.177903111849179984e-03,9.353795119296092935e+02
4.952588175024762000e-03,1.219947151789735926e+03
4.102278319589608251e-03,1.155830592782474241e+03
3.481568354792061171e-03,1.111643813683710050e+03
3.281337037391183088e-03,1.098289837195628252e+03
3.626448343165164252e-03,1.123028576814425605e+03
6.440019287798068315e-03,1.350940559020467390e+03
3.372618802730864389e-03,1.117080671832583903e+03
5.787144874192963820e-03,1.298702186720548980e+03
3.016659536874644228e-03,1.096226583773918719e+03
3.170749802681511152e-03,1.106262859433292533e+03
3.809273826720042857e-03,1.168717488475751225e+03
3.347565291671918217e-03,1.123821336565812544e+03
5.323656236112502341e-03,1.277927514582059530e+03
2.311141374293971748e-03,1.057630221816046969e+03
6.542423278798799487e-03,1.374244885092585719e+03
1.540171284044127963e-03,1.005800227970688297e+03
6.584075246096005550e-03,1.378260635001031915e+03
1.114370790818766969e-03,9.805819350064647324e+02
7.176008448844591915e-03,1.434107300623434185e+03
1.706885617865800840e-03,1.035665991666311129e+03
4.919521244070967046e-03,1.266051572592876710e+03
3.597635789738668627e-03,1.169943945826257504e+03
4.962304568886197545e-03,1.283457406921309030e+03
4.622059481408558393e-03,1.247648817554860443e+03
4.105880683030082266e-03,1.216231906007432144e+03
4.744382301581703300e-03,1.266976321768164553e+03
4.991395877509728976e-03,1.294479823328378188e+03
5.675901723317066522e-03,1.355640140602592965e+03
3.611593309955014527e-03,1.188416081565995228e+03
4.732455894183378378e-03,1.282915223034672636e+03
3.690716555250587831e-03,1.207556779401322274e+03
4.882940719609404727e-03,1.299755194665679028e+03
2.540545979983050394e-03,1.126217037920806206e+03
5.354455600420701157e-03,1.331879093492285165e+03
2.422149728870991951e-03,1.116441111212038322e+03
6.173817387321896624e-03,1.407008111644848668e+03
5.453380890422770966e-03,1.345317000511027118e+03
1.695729646849697056e-03,1.070755717656907109e+03
7.268486126342332647e-03,1.486761419755381894e+03
2.413436233319559126e-03,1.130939168158605071e+03
6.694765208611534388e-03,1.454094044796506068e+03
3.722377527516709805e-03,1.223905756520765408e+03
3.440760724257065951e-03,1.208368055149853717e+03
7.220108772969389271e-03,1.496408102816879591e+03
4.130885680926251087e-03,1.270273025405732142e+03
6.459004508730024213e-03,1.452094983452106817e+03
5.480091444590471511e-03,1.387911902090254898e+03
5.261358839201570915e-03,1.374281451238849968e+03
4.372000197069065078e-03,1.296208071868031084e+03
4.487343303646062695e-03,1.306801063972951397e+03
4.814042926528034998e-03,1.345863703317367026e+03
5.949177698110568423e-03,1.433462446534617357e+03
1.548229395995227419e-03,1.091905121764371415e+03
7.205746693975181860e-03,1.519083508188678252e+03
3.993184818620045332e-03,1.301247424968171345e+03
6.931732355998314506e-03,1.506459852344024284e+03
2.021139212634108159e-03,1.138350274730848469e+03
5.926527931589408056e-03,1.444838578617034727e+03
4.517651336942797580e-03,1.337523465938424124e+03
4.739353793440503372e-03,1.356127636367038576e+03
4.642699597715869986e-03,1.350029372178775930e+03
7.118236040994718912e-03,1.544533431088949328e+03
3.207128105880850590e-03,1.254492685690681810e+03
6.358891646468322646e-03,1.481531794022775102e+03
3.383940284217021657e-03,1.268829184027013071e+03
5.128846534520751718e-03,1.399758166555469643e+03
6.105312113671486178e-03,1.467526996905095075e+03
3.263325928528861518e-03,1.265633286984253800e+03
7.311100910868451909e-03,1.565642831153239285e+03
2.127285254974357626e-03,1.187325410458782017e+03
7.764209204263004295e-03,1.608828721408415504e+03
3.308178434988205338e-03,1.264389206777657819e+03
4.089356823054397794e-03,1.337372024993188461e+03
7.101185453096152921e-03,1.564500162815650583e+03
2.058728194521867484e-03,1.176719507551822517e+03
6.100301636766492647e-03,1.496652323167241320e+03
4.643459646551810309e-03,1.383665732732522656e+03
4.454203248369794678e-03,1.377450723953883426e+03
3.997008762922909554e-03,1.334662916157763675e+03
5.667696116024155406e-03,1.471958159531442561e+03
5.135424793269143494e-03,1.440932215293079935e+03
6.849602017325034410e-03,1.566807947788434149e+03
3.466058777524866266e-03,1.319506823891535987e+03
6.131843318299365700e-03,1.521556773047780325e+03
5.113281023583314024e-03,1.435752698635869820e+03
4.285709006101157299e-03,1.380829807967610805e+03
7.762738436049856743e-03,1.655553657744813563e+03
4.002243177154851499e-03,1.372008476559034079e+03
4.266059901523036775e-03,1.384111219673072128e+03
5.440752816505106670e-03,1.484103071052775931e+03
3.725340290657320856e-03,1.346003428340743767e+03
7.373286104034706794e-03,1.633279598571673887e+03
3.762172012288320794e-03,1.371961852530391980e+03
8.409247939648374637e-03,1.716556048560639738e+03
2.846776571908195361e-03,1.292028819263333389e+03
7.909025526356378705e-03,1.683638525558142419e+03
3.453279929725294652e-03,1.347473166637757913e+03
6.140040466234697805e-03,1.549938419767477171e+03
4.074748471243379820e-03,1.396703443083737511e+03
6.457044321741799327e-03,1.587146861308896632e+03
7.322088674447535181e-03,1.654581542256487182e+03
2.108326578327341088e-03,1.256391809244782280e+03
8.135371265383819703e-03,1.712239745166323473e+03
3.004310633338664552e-03,1.327002593883670443e+03
7.410627260474444457e-03,1.664804562314229770e+03
5.860576028941691211e-03,1.545888927487706724e+03
3.917536431520683010e-03,1.399356750258431248e+03
7.930294057710151820e-03,1.709926879863284512e+03
2.111173727405758066e-03,1.277172749638222967e+03
6.872836339185892270e-03,1.634009991319551546e+03
5.773542791033857771e-03,1.552373618519902948e+03
4.013405427331045820e-03,1.418172099663970357e+03
6.773943760964751433e-03,1.629529833348687362e+03
3.743691308747371365e-03,1.411506502753959467e+03
8.084590327990665015e-03,1.732716076429462191e+03
2.326226613274727691e-03,1.304594496040529066e+03
7.224107851690171091e-03,1.673131098787751398e+03
5.564815110885563618e-03,1.564946334676376182e+03
4.780604764326070247e-03,1.493640739088519695e+03
5.793497802191537038e-03,1.574890483312767628e+03
3.962513724718361684e-03,1.440642588147083870e+03
8.056959118703424516e-03,1.760283336466040737e+03
3.894045415164628862e-03,1.444715347708613763e+03
7.105476365052140753e-03,1.684800953071923232e+03
3.148694106480764369e-03,1.390493950829930782e+03
7.390135299581046535e-03,1.711549123994064530e+03
5.666689079616421022e-03,1.596586907073285374e+03
4.774421738256632956e-03,1.515895570192252308e+03
6.572005677523901253e-03,1.658928308980474412e+03
4.699879898014297161e-03,1.524135877368766842e+03
8.846825738898380850e-03,1.850050565736964472e+03
2.708449825932290802e-03,1.377416475388558183e+03
7.989861938426273333e-03,1.772134992297940244e+03
4.731887966000856288e-03,1.528071770488764514e+03
6.476801401332215637e-03,1.673978852788329277e+03
8.353558969187904054e-03,1.799855016803642684e+03
3.207124090821984047e-03,1.426567445165510662e+03
6.567060828431887758e-03,1.669779124815023579e+03
6.818411858189603499e-03,1.692404951283260743e+03
4.638828580754113425e-03,1.545564472950134814e+03
8.159918450226262901e-03,1.796146579946711427e+03
3.591531543697371216e-03,1.470352796991323203e+03
8.630397274295561680e-03,1.844690363039899239e+03
6.028074516519686850e-03,1.643623134479038526e+03
2.959331108600184342e-03,1.420308516361175862e+03
9.364913432860931877e-03,1.901155561332200705e+03
4.368601618883238662e-03,1.513338651498954277e+03
5.638620089228998759e-03,1.628197556413297889e+03
8.950039929360387170e-03,1.869410286296634467e+03
3.622175471733992194e-03,1.469101070960999095e+03
8.185597321364172438e-03,1.833003036463534272e+03
5.589308271381749835e-03,1.619210523603387628e+03
5.408551250824523635e-03,1.624221745899104235e+03
5.566037907919854991e-03,1.628470560843054272e+03
7.919492354565503892e-03,1.813432430669078713e+03
6.877385039501488634e-03,1.743544207802714936e+03
5.462965609219888261e-03,1.628065155396762293e+03
8.340959479053488071e-03,1.858800743115864407e+03
3.518538209709816227e-03,1.500322262904570380e+03
8.056290886398658271e-03,1.832960696262135571e+03
5.745894362581009142e-03,1.662128691252516319e+03
3.954765606059756911e-03,1.530256695867358303e+03
9.555439524063192788e-03,1.950727228929107469e+03
4.811578548978555706e-03,1.598890358903124479e+03
4.552255400965455126e-03,1.575685775064907602e+03
9.480695943768126938e-03,1.957855975621922425e+03
3.530349781345106137e-03,1.500139615041392744e+03
7.804953111537924620e-03,1.830600614840038361e+03
7.805761153194644940e-03,1.835116946026741743e+03
5.076830407329791482e-03,1.637227309597982185e+03
7.701853621465355564e-03,1.821738933980989259e+03
6.069470627625322794e-03,1.718304424222023499e+03
4.598709664466661684e-03,1.593657569691052231e+03
9.034646771812324464e-03,1.943686481516974936e+03
4.470979115850921663e-03,1.592366964092874241e+03
8.814157569386943392e-03,1.934705983447309563e+03
6.079061894855145032e-03,1.729706910336796454e+03
6.056102477495618405e-03,1.738775766189692149e+03
9.492929663935353521e-03,1.992246700608304764e+03
3.999362701835594211e-03,1.583117815806155932e+03
7.288843406337997682e-03,1.816047780473771354e+03
7.287190451460535436e-03,1.824649082502955252e+03
5.641392120360367787e-03,1.709316494338526354e+03
9.641156664496322234e-03,2.004813159227433289e+03
4.406705333835378956e-03,1.611276278016138576e+03
5.615658318750006359e-03,1.711017625691737749e+03
9.732201080423299316e-03,2.016041258463301347e+03
4.072807682370145101e-03,1.588687275093568360e+03
7.222796717618962595e-03,1.832606591091520158e+03
8.481422076655710171e-03,1.924896889772204986e+03
3.471600722762020839e-03,1.552213475238856518e+03
9.110921071659618467e-03,1.981394466460928243e+03
7.396992979662479414e-03,1.842088962652807140e+03
3.939136205475534357e-03,1.597498949150679664e+03
8.801515546502750378e-03,1.958300978410884909e+03
6.031327949471823602e-03,1.745995965728263172e+03
5.446089502632254706e-03,1.717406862890484035e+03
9.720275078980475381e-03,2.031932132363842811e+03
4.683193493135640387e-03,1.655458817792773289e+03
5.904641247599463037e-03,1.757720439890982107e+03
9.968854955243489427e-03,2.060394214953104438e+03
4.340918739942847479e-03,1.635427024919960786e+03
7.504049810300924932e-03,1.882186889266455410e+03
8.769676216817248737e-03,1.975280066030954458e+03
3.715820345565285475e-03,1.600132308774555895e+03
9.261501195835224881e-03,2.022847562454995568e+03
7.714421301926915712e-03,1.896484363297684467e+03
4.114631568662740699e-03,1.638448875852094716e+03
9.220975021999601104e-03,2.020836226947037630e+03
6.222772187120090802e-03,1.790426742646131743e+03
5.580195335289517104e-03,1.757321602405807425e+03
9.961411999301696824e-03,2.080359617453063947e+03
4.884716909327050174e-03,1.700996606009854304e+03
6.224031078792881602e-03,1.809506506730371257e+03
1.019539738410464580e-02,2.107258634364069167e+03
4.540792237710531906e-03,1.680803564394366276e+03
7.725737739374327270e-03,1.929145107113495897e+03
8.906541302263997276e-03,2.014647466136729918e+03
3.950618640428752056e-03,1.646259216804127618e+03
9.519565051250355320e-03,2.071012448662162569e+03
7.877229733334259118e-03,1.937247110185237716e+03
4.339653036916107064e-03,1.684327990779637503e+03
9.481354333440179111e-03,2.070218439218687763e+03
6.459765840855703767e-03,1.837962038191034253e+03
5.926002485019249248e-03,1.812934970897248832e+03
1.011347878209703510e-02,2.121275445583335113e+03
5.132084319894441096e-03,1.747735426833121664e+03
6.397558532811680430e-03,1.853400780516612485e+03
1.032912668220243094e-02,2.145572410662564380e+03
4.737779493812510970e-03,1.724405327305242054e+03
7.961788043023306297e-03,1.975482741103012586e+03
9.050213303038493265e-03,2.054204458910261110e+03
4.238216567773035563e-03,1.695864927247660944e+03
9.591200537654664959e-03,2.105316938297237357e+03
8.270612058232186536e-03,1.997577136568405422e+03
4.736515662768448799e-03,1.745673115290965825e+03
9.501531975277411474e-03,2.099805596764937036e+03
6.700177936435797697e-03,1.884919316924685063e+03
5.967223714204218134e-03,1.844990465173994835e+03
1.045774224627257602e-02,2.176876146728244748e+03
5.370302355327979255e-03,1.796296676784120564e+03
6.689801073623143600e-03,1.904434110106065191e+03
1.047235007948015342e-02,2.184700294939544619e+03
5.045515946747440410e-03,1.776441790604822017e+03
8.252417085620302253e-03,2.026750727802307665e+03
9.115772010686288077e-03,2.087711162014891215e+03
4.466313744291993890e-03,1.742325390474065671e+03
9.729226823568659990e-03,2.144092775274245469e+03
8.472284845170621054e-03,2.041052644480615982e+03
4.935649897631037494e-03,1.788728872936528433e+03
6.819682103690250484e-03,1.931376853821154782e+03
9.950435658295021454e-03,2.169495617379842315e+03
1.055345291578283634e-02,2.209359357830430781e+03
9.205685076403378325e-03,2.109529520258045522e+03
6.984207066661799433e-03,1.939774172527002747e+03
5.168931006458717115e-03,1.808843300567767756e+03
5.205568933592802719e-03,1.822251809048221276e+03
7.006214991905309816e-03,1.959298642299960648e+03
9.986252966121761734e-03,2.185010064569299175e+03
1.071324039485313170e-02,2.236153096628331696e+03
9.412547121042750750e-03,2.140036753478748324e+03
7.082788994558629481e-03,1.960993551072825312e+03
5.361376125402733499e-03,1.838019759729792895e+03
5.221000178734369265e-03,1.836914051389068391e+03
7.138995276028019428e-03,1.983056509078892532e+03
1.016020418285113087e-02,2.213308494983711171e+03
1.078566628176212509e-02,2.256017141774096672e+03
9.452308976443358005e-03,2.156735779459749210e+03
7.200871446378751851e-03,1.983992305900366546e+03
5.455232741672317275e-03,1.859031202664293232e+03
5.417658274584067832e-03,1.866432480162427282e+03
7.232151687330139016e-03,2.004061846177193502e+03
1.023986175544720420e-02,2.232917888281693195e+03
1.090321364609035323e-02,2.278711362581055255e+03
9.595917204739956574e-03,2.181368754314898069e+03
7.320153276417011058e-03,2.006384084391389706e+03
5.583628682151475266e-03,1.882205972913082860e+03
5.518314922380116588e-03,1.887370926113704400e+03
7.358111306708338926e-03,2.027057086546770506e+03
1.036568097601621267e-02,2.256222415038672352e+03
1.099889816859793076e-02,2.299605136590377697e+03
9.714121967335244065e-03,2.204035422118191491e+03
7.438783220954685999e-03,2.028985990031260144e+03
5.700911210404210026e-03,1.904702252609087964e+03
5.635923944450510134e-03,1.909834083076905472e+03
7.480292595885935578e-03,2.049939798156568486e+03
1.048282311684132009e-02,2.278802319696414543e+03
1.109828369152222362e-02,2.320769321281593875e+03
9.866276232240657473e-03,2.229687435050721888e+03
7.497565872088897063e-03,2.046777293946803411e+03
5.819452155079205685e-03,1.926983288919056349e+03
5.759618699512392657e-03,1.932434547855448500e+03
7.626618331544791560e-03,2.074810771702411330e+03
1.059691845817799412e-02,2.300649628268039123e+03
1.119975448517095303e-02,2.341736991192369260e+03
1.000103712207665342e-02,2.253369857986648640e+03
7.623509005653682051e-03,2.069561195098857752e+03
5.941799421637264378e-03,1.949510135724898873e+03
5.875704108701271765e-03,1.954421016643102803e+03
7.727706201068522927e-03,2.095244707253956676e+03
1.072449831046914763e-02,2.323968902907296069e+03
1.130208735137694376e-02,2.362923885983951550e+03
1.012109430554755489e-02,2.275815858241920068e+03
7.744718919397179310e-03,2.091994754813820236e+03
6.064982961429691080e-03,1.972074613840117308e+03
5.997741529127616732e-03,1.976874164997384241e+03
7.875616560405498262e-03,2.120203098941125972e+03
1.083825797832108258e-02,2.345753623869103649e+03
1.140184285524226994e-02,2.383647600550453717e+03
1.025239319408920158e-02,2.299087429160404554e+03
7.929253335150158316e-03,2.119442955626966068e+03
6.134533732249562374e-03,1.990311971263999112e+03
6.111946889630286150e-03,1.998334585279725843e+03
7.947454595637839028e-03,2.138578958834084915e+03
1.096203154095209097e-02,2.368011224609182136e+03
1.149403155296318223e-02,2.403386303731511362e+03
1.037913637599798163e-02,2.321628755603346690e+03
8.053884223509602189e-03,2.141781821479675727e+03
6.257671599411638620e-03,2.012663024974427799e+03
6.225596544158495949e-03,2.020051307077786305e+03
8.121767699789358627e-03,2.164868566511805511e+03
1.108712470805454063e-02,2.391565818048305573e+03
1.160805415737529468e-02,2.425752987349780597e+03
1.048418240075433064e-02,2.342444417137747223e+03
8.179627586162873526e-03,2.164057666296665502e+03
6.444271678585678648e-03,2.039914723959865341e+03
6.357586979424932790e-03,2.043064765753739948e+03
8.248501090230939137e-03,2.187608992487831074e+03
1.119842992255758694e-02,2.412668436375260626e+03
1.170537244136597536e-02,2.445925580412235831e+03
1.062982285715148578e-02,2.367003196588499577e+03
8.242358987282627156e-03,2.181538212153394397e+03
6.561899778965219962e-03,2.061512305305393966e+03
6.483697645920076177e-03,2.065229326684999251e+03
8.356787220946198039e-03,2.207975529093229397e+03
1.133237739978663720e-02,2.435865597283112493e+03
1.181533062574080181e-02,2.467140034018020742e+03
1.073549445693318047e-02,2.387351364046001436e+03
8.435548398725300351e-03,2.208936627914932615e+03
6.700540759386775305e-03,2.084760204557488578e+03
6.608560958086843670e-03,2.087392489572685463e+03
8.488037277019536142e-03,2.230698256438708540e+03
1.145317572920854197e-02,2.457936343684861640e+03
1.191768691752187817e-02,2.487632151710155085e+03
1.086076230024874897e-02,2.409599147242437539e+03
8.562191357515161819e-03,2.231091270489028375e+03
6.827631754604313735e-03,2.106986203951474636e+03
6.733317288223048674e-03,2.109444200823063966e+03
8.614870975175584547e-03,2.252968368820636897e+03
1.157606459358679479e-02,2.480096545623799557e+03
1.202244150418635242e-02,2.508302758575780899e+03
1.101396297046165068e-02,2.434457247804160033e+03
8.694148453205969782e-03,2.253953390764512733e+03
6.896035456771149562e-03,2.124557331060237175e+03
6.855221875616952960e-03,2.130973816428762802e+03
8.762581609260074872e-03,2.276906374860619508e+03
1.170636942910741052e-02,2.502786096456957694e+03
1.216233440315040402e-02,2.531095103649132852e+03
1.113899205175875387e-02,2.456295966425434017e+03
8.827563823447829097e-03,2.276405022032220131e+03
7.030794466102608699e-03,2.147097455895557232e+03
6.981111350141577972e-03,2.152817771293864553e+03
8.887181866437063663e-03,2.298725409969943939e+03
1.181867791048071825e-02,2.523331862974029264e+03
1.223308261489841620e-02,2.549036316311397968e+03
1.127976811746825118e-02,2.479581273122427319e+03
8.958134432311099654e-03,2.298570966862645946e+03
7.222717839169784035e-03,2.174301520541660011e+03
7.071516158933556333e-03,2.171890145467709317e+03
9.018000205461458585e-03,2.320971461597466259e+03
1.195379892761730574e-02,2.546601012984273893e+03
1.234463350386733743e-02,2.570172867246641545e+03
1.138936101037127911e-02,2.499951311835067372e+03
9.094137880331016818e-03,2.320864871460712493e+03
7.346298415929496811e-03,2.195531332269067207e+03
7.273047548382632205e-03,2.199392741341786859e+03
9.146353288055656880e-03,2.342445938009927431e+03
1.207500950101753415e-02,2.567887594755570262e+03
1.245758345263220379e-02,2.590818570184441796e+03
1.152133700405930106e-02,2.522093691879564176e+03
9.224663112171713891e-03,2.342743967450109267e+03
7.495092533322833019e-03,2.219029666606096271e+03
7.388120273789855995e-03,2.220281551981358461e+03
9.272069892659618937e-03,2.364266049157708949e+03
1.221116762152259574e-02,2.590655785081632985e+03
1.255676878074251518e-02,2.610627858405583993e+03
1.167615644031885953e-02,2.546670850744073960e+03
9.362206327576921838e-03,2.365591950667293986e+03
7.635652373725381088e-03,2.241846248954156181e+03
7.472389949816276265e-03,2.238443359664000127e+03
9.416740505238991102e-03,2.387480438042815877e+03
1.233940487478780296e-02,2.612752563209264736e+03
1.267184111008704504e-02,2.631518269685917403e+03
1.179484426753733828e-02,2.567396829376305050e+03
9.503433547024047953e-03,2.387944482001174947e+03
7.778351233969792514e-03,2.264481346745848441e+03
7.664553463776603223e-03,2.265056871765468713e+03
9.547651136192270016e-03,2.408983976008865739e+03
1.247137736459395969e-02,2.634728570920464335e+03
1.278064226680521512e-02,2.651590706565997607e+03
1.195139618579653742e-02,2.591590156055582156e+03
9.642077108765219687e-03,2.410407663698050783e+03
7.846903818500235162e-03,2.281271668477071671e+03
7.790173893510009100e-03,2.286181778861802286e+03
9.694736449430998299e-03,2.432219759989895010e+03
1.260644590327577447e-02,2.657229910644128267e+03
1.293163469335840629e-02,2.674656514812473688e+03
1.209016759597604171e-02,2.613943630933059922e+03
9.784718428122391246e-03,2.433004884506883627e+03
7.992788932307702196e-03,2.304093709033375035e+03
7.924618409357682761e-03,2.308043089456394682e+03
9.825518188964314781e-03,2.453810260708331953e+03
1.273355064059916372e-02,2.678752571218644334e+03
1.303685126333071521e-02,2.694369785778103051e+03
1.222828620541507351e-02,2.636232264422323624e+03
9.924905466960169675e-03,2.455241494328924091e+03
8.133619183136774761e-03,2.326423813969464391e+03
8.063016348584323839e-03,2.330172857327897418e+03
9.961916099203662125e-03,2.475869544174841394e+03
1.286355051944097251e-02,2.700098028376693946e+03
1.311127243889759209e-02,2.711947962750631632e+03
1.237383743823971052e-02,2.659220974122081770e+03
1.006936266722114996e-02,2.477710942323629752e+03
8.279954017055269483e-03,2.349004169206195456e+03
8.211185153842528311e-03,2.352828961016545236e+03
1.010810687675137848e-02,2.498381065955716167e+03
1.300790043518744270e-02,2.722764913610275926e+03
1.322765450329882464e-02,2.732315000463049728e+03
1.252079728092194040e-02,2.681998188428797221e+03
1.015700288407171345e-02,2.495346284456821195e+03
8.492813803539609949e-03,2.376559612059296342e+03
8.368505402014623021e-03,2.376070936368886123e+03
1.025190119011598275e-02,2.520688462001614880e+03
1.314923588433731041e-02,2.745201058377772824e+03
1.333904593385755975e-02,2.752253242561897423e+03
1.272724342484952281e-02,2.709699727150715717e+03
1.037121537737848223e-02,2.523533492470998226e+03
8.647155294203422160e-03,2.400150859747885534e+03
8.442902251440148609e-03,2.393224000396241991e+03
1.029988464878645212e-02,2.535086332451282942e+03
1.326014379165837281e-02,2.765278659391618476e+03
1.344788661574984091e-02,2.771889599859650389e+03
1.279022736889236234e-02,2.725049199730722194e+03
1.051610637650099780e-02,2.545248297005944551e+03
8.813244013352402109e-03,2.423574294351492426e+03
8.604626659533813615e-03,2.416349103542213015e+03
1.052591427206235261e-02,2.563964741290421898e+03
1.342151078091920018e-02,2.788969458416217094e+03
1.356380468135090847e-02,2.791909766748565744e+03
1.296549434205608760e-02,2.750186056799295784e+03
1.060994139464271901e-02,2.563295301432569886e+03
8.957859115506236827e-03,2.445500188051354144e+03
8.740597146164633471e-03,2.437585296641162586e+03
1.066764860852992096e-02,2.585685518344209413e+03
1.356220254968087263e-02,2.811566724523606808e+03
1.371851957529597946e-02,2.814770722201829358e+03
1.313645108078292760e-02,2.774340495326590826e+03
1.078301466784095664e-02,2.587333415759713262e+03
9.119983787130414576e-03,2.468842240146359927e+03
8.955067755098543303e-03,2.465139907667468833e+03
1.079787862466421132e-02,2.606404963179668812e+03
1.369719037293683564e-02,2.833316067746683075e+03
1.377590346922311602e-02,2.830750566716658795e+03
1.327003081802312703e-02,2.796288630796821963e+03
1.098297804726194697e-02,2.614250173406174781e+03
9.215940734660284586e-03,2.487503043511957458e+03
9.101525483639575503e-03,2.487494124856041253e+03
1.093874920140847432e-02,2.628207536524981606e+03
1.385284537576928453e-02,2.856709203393789721e+03
1.393609040827664680e-02,2.853619228288265276e+03
1.343889472571851811e-02,2.820227017153628367e+03
1.109841916052463698e-02,2.633424262921525042e+03
9.456425796796917582e-03,2.516781314178794219e+03
9.181032230367366237e-03,2.504259748484991633e+03
1.107714837773616547e-02,2.649975052600745130e+03
1.398979982044788739e-02,2.878464309475177743e+03
1.400732718500764806e-02,2.869437864982228803e+03
1.361534728727850467e-02,2.844795375152807992e+03
1.128277029694399643e-02,2.658013392118062256e+03
9.670359037630069099e-03,2.543852855044619446e+03
9.334689703198556857e-03,2.526750980958880518e+03
1.120169550582863008e-02,2.670167769773242071e+03
1.413900087755858709e-02,2.902037110191999545e+03
1.396399045893029905e-02,2.877775836902202627e+03
1.384047349756217272e-02,2.874136124818906410e+03
1.152008870648039106e-02,2.686396375551032634e+03
9.969488512422994969e-03,2.578057366910038581e+03
9.515064995572145717e-03,2.550260645756382928e+03
1.129832871079362866e-02,2.687562811902668727e+03
1.396113434340849266e-02,2.901655309601374938e+03
1.368136308825735649e-02,2.865253880988572291e+03
1.427561641211077398e-02,2.919487712800534155e+03
1.144339308225246835e-02,2.686770224628305641e+03
1.054920922071393014e-02,2.632623388767516190e+03
9.670482881684894574e-03,2.568649603107753137e+03
1.165138287497779861e-02,2.726293418855381333e+03
1.380982670551992447e-02,2.901333285218237961e+03
1.388127306401098528e-02,2.893462406529173222e+03
1.445598233396392339e-02,2.945391283352124901e+03
1.149017169722000610e-02,2.700688041961723684e+03
1.132326027248672755e-02,2.702441479984733178e+03
9.884381366769114455e-03,2.592050862250076534e+03
1.186577681606044814e-02,2.755185079847838551e+03
1.345676802994206014e-02,2.881854502817446701e+03
1.404871321101473607e-02,2.921664795138854060e+03
1.403491510050070869e-02,2.922473761764864776e+03
1.181154537101094734e-02,2.738057164018730873e+03
1.170598266374846090e-02,2.741214443461311930e+03
1.054266724306721081e-02,2.654815224789364493e+03
1.203358112008265542e-02,2.778249396770002932e+03
1.369408180728059858e-02,2.911787141441216590e+03
1.369386006011583633e-02,2.910281953227918621e+03
1.374211326940485457e-02,2.911461086492633513e+03
1.224148751034176072e-02,2.784278025983119733e+03
1.149497071953586684e-02,2.732624550734508830e+03
1.143174965358394191e-02,2.734004310281781727e+03
1.219272187241922031e-02,2.795443050349291298e+03
1.401612328922011326e-02,2.949931003232383773e+03
1.326371048511675380e-02,2.883647389265792299e+03
1.383959316551850761e-02,2.937100199559416069e+03
1.140217260445342516e-02,2.727765066271162141e+03
1.203869907852682039e-02,2.785519813424996755e+03
1.164532431537208639e-02,2.753087444098776814e+03
1.342016361674807506e-02,2.900554431072726857e+03
1.427103985123028343e-02,2.971981321179213410e+03
1.354019359163903188e-02,2.917015694423325840e+03
1.295594936374085994e-02,2.876690648873748160e+03
1.139638409611813501e-02,2.746696560125958058e+03
1.133977807960082247e-02,2.741544828591802343e+03
1.227018654295826405e-02,2.814309377932537245e+03
1.380698421528450508e-02,2.933364309715805575e+03
1.586193822926803068e-02,3.106171689321118720e+03
1.410214968606686090e-02,2.961541025506242931e+03
1.328918700833802910e-02,2.911632342119053192e+03
1.061992609953076212e-02,2.691951470574275390e+03
1.102062060847091435e-02,2.733784072220709731e+03
1.129387486961866589e-02,2.746634684072859727e+03
1.430189540699140088e-02,2.981631669501320630e+03
1.585539345226169225e-02,3.106147149399716454e+03
1.550092590118670732e-02,3.077731455866268334e+03
1.387956167176882319e-02,2.958663363494577425e+03
1.102752181631113694e-02,2.732683900036395244e+03
1.063076023173924363e-02,2.709706650521248775e+03
1.105566182564116789e-02,2.745105848473452170e+03
1.360043774339169016e-02,2.936247616285639651e+03
1.620542587431187884e-02,3.144568634189778095e+03
1.553956065696432930e-02,3.084185962057231336e+03
1.523781201489253501e-02,3.072031961435903213e+03
1.158896716352560315e-02,2.778123079528089420e+03
1.100066583052323674e-02,2.747970044456608775e+03
1.063756671244945988e-02,2.718833976296231413e+03
1.354781979581570067e-02,2.949832018464652720e+03
1.548306127991193326e-02,3.096912552913544914e+03
1.604391007600119989e-02,3.137540892289570365e+03
1.525549830570250252e-02,3.079941705503164940e+03
1.264262887051991781e-02,2.871080817654354178e+03
1.123342502416401802e-02,2.770861156293188287e+03
1.105850918774317800e-02,2.764495247614414438e+03
1.299241051642282922e-02,2.915687365105632580e+03
1.568431340996379042e-02,3.130359830795352536e+03
1.544420515033330735e-02,3.100160359265855732e+03
1.568383968934257758e-02,3.125177743040321729e+03
1.303292393868971978e-02,2.906164358716659081e+03
1.209323272545860528e-02,2.846768892368468642e+03
1.128736052506478654e-02,2.787358397742544639e+03
1.333810562028029875e-02,2.954171177248139884e+03
1.503667713926116513e-02,3.091159180386398930e+03
1.531686277104384215e-02,3.104787546362693774e+03
1.556603371289038036e-02,3.126728409012594966e+03
1.326105111742064378e-02,2.934502953141311082e+03
1.293074410585991207e-02,2.919540042280357284e+03
1.199340665095203519e-02,2.850223412162365094e+03
1.352364064617799649e-02,2.976980995168995833e+03
1.515396153232290676e-02,3.111478816414919947e+03
1.505281224516687340e-02,3.100488397062743388e+03
1.512826608152029531e-02,3.106558107882030981e+03
1.323866935444345180e-02,2.944878998135193797e+03
1.305108493447494807e-02,2.937204137215013361e+03
1.294749392336239785e-02,2.931175589669785495e+03
1.426600442747629101e-02,3.040729413507342542e+03
1.542262490432230737e-02,3.139359300401982182e+03
1.498024881999730600e-02,3.103130201733678405e+03
1.455702011870290552e-02,3.076646321596574580e+03
1.276690280470854470e-02,2.922952338075013813e+03
1.271558771284322063e-02,2.920918531432106192e+03
1.335811631256904504e-02,2.970768659778343135e+03
1.517028318379993676e-02,3.113845607916814970e+03
1.686808611768523050e-02,3.259206696045173430e+03
1.528085081948101810e-02,3.128553054094348681e+03
1.470643972309698504e-02,3.095200290369978575e+03
1.195981260502310128e-02,2.868816239432036127e+03
1.227513879187898740e-02,2.903191905521743593e+03
1.263177398001844726e-02,2.923036040180052169e+03
1.531918733166542576e-02,3.133707326494411518e+03
1.714818816098793303e-02,3.281498510414927750e+03
1.678003746744098634e-02,3.250139067371928377e+03
1.548462457813776748e-02,3.155829364111544237e+03
1.244050032371690241e-02,2.911162915152061487e+03
1.206095575619600853e-02,2.892257445113496942e+03
1.206546025547295536e-02,2.893013217563791386e+03
1.487031896930351288e-02,3.110010532066397445e+03
1.690269941382449570e-02,3.269838748071248574e+03
1.699275971759009810e-02,3.272690181161488908e+03
1.656608787906014429e-02,3.245418513144740245e+03
1.346896816332489311e-02,2.995647333384572448e+03
1.237147397772954925e-02,2.921274949995174666e+03
1.226967757738086674e-02,2.917756045395593446e+03
1.434514017738779644e-02,3.082957334775502204e+03
1.670686155788203564e-02,3.269708232360313559e+03
1.676975299431963592e-02,3.266082797696685702e+03
1.676164402013079896e-02,3.270994500799245998e+03
1.420220596005233003e-02,3.059031058978072906e+03
1.323242631647728734e-02,2.995461687055260882e+03
1.252754053141523320e-02,2.943667228705017351e+03
1.451815207113994234e-02,3.106558231397414602e+03
1.616010163251917903e-02,3.240181044306960757e+03
1.650724185235341590e-02,3.260319964141108358e+03
1.662588494989689775e-02,3.271317733590773059e+03
1.449834968651399388e-02,3.092036318441256299e+03
1.398207804296522361e-02,3.060165781879743008e+03
1.343081552337463576e-02,3.021374711444163495e+03
1.480992290762971238e-02,3.135797756865507381e+03
1.641354303553548000e-02,3.271348021952260751e+03
1.591131140425546681e-02,3.227062988909914111e+03
1.632550633332346263e-02,3.264202111630392665e+03
1.400700495480750908e-02,3.063689993889478046e+03
1.436727229032311662e-02,3.099414064901823622e+03
1.411434287313760409e-02,3.077531249892078904e+03
1.613774014673403576e-02,3.246040962205452161e+03
1.688083831675070076e-02,3.309787996508498964e+03
1.619288846872846480e-02,3.257267424298328478e+03
1.561671711492102974e-02,3.217144941281558658e+03
1.345277494228628787e-02,3.038027479792222493e+03
1.357955520612015576e-02,3.049241373490387559e+03
1.403785085620798054e-02,3.080504458317134777e+03
1.651397242925654874e-02,3.277663047496665968e+03
1.810183630426062326e-02,3.407987735398197856e+03
1.740433264728528592e-02,3.352734070494176194e+03
1.610224092267845131e-02,3.255862392904326498e+03
1.351146461561176029e-02,3.046743293505859128e+03
1.298419824981199115e-02,3.011926371193882005e+03
1.357067518061477740e-02,3.058808911360305046e+03
1.591589525032141572e-02,3.238176857689058124e+03
1.821700431379981097e-02,3.423868367175277854e+03
1.784265682340226145e-02,3.387879470830019272e+03
1.762252480020013237e-02,3.379789754825381806e+03
1.429222330835200339e-02,3.107978991630015571e+03
1.338562499002868798e-02,3.048943892819567282e+03
1.326294476347120166e-02,3.041297806381357987e+03
1.557480264036136854e-02,3.227854100482324611e+03
1.767101228044863290e-02,3.392658678110109577e+03
1.791506426744578911e-02,3.405149040191181939e+03
1.781314068008236703e-02,3.401783021388113411e+03
1.530215470460891992e-02,3.192938592794855595e+03
1.426972171028229042e-02,3.123411053038759746e+03
1.364082823617878554e-02,3.076961247223091505e+03
1.564411910319661939e-02,3.242654290860074980e+03
1.720307293765663270e-02,3.369212274614708349e+03
1.759606615055944734e-02,3.394940161509873178e+03
1.762082218509222059e-02,3.397444573517369918e+03
1.555888027186180453e-02,3.222305574680259724e+03
1.504630392378508534e-02,3.189258487429634442e+03
1.475587594856933582e-02,3.170840539689395428e+03
1.591518071839757506e-02,3.268220631413402316e+03
1.742822042445540606e-02,3.397972980125286995e+03
1.696205569638476254e-02,3.356491879804390464e+03
1.724858534079540609e-02,3.385934210404544956e+03
1.497793996361114835e-02,3.187636129103579606e+03
1.524464662394268456e-02,3.214510217914446457e+03
1.522830250860105102e-02,3.210787495900337490e+03
1.737590717167696377e-02,3.387400000129428463e+03
1.839626787958387188e-02,3.475978818364581912e+03
1.740854034278301044e-02,3.395197120119685223e+03
1.686802355788858190e-02,3.361577722413443098e+03
1.428952413573760308e-02,3.145599705968751550e+03
1.450293156699772497e-02,3.169870860487700156e+03
1.475309100820808815e-02,3.181689147896075156e+03
1.746366266971439984e-02,3.398257861030857384e+03
1.901675896735117305e-02,3.524865130855052030e+03
1.882145702742912124e-02,3.507447480967653064e+03
1.779648164095967364e-02,3.433354790462068195e+03
1.476604345281578787e-02,3.184948197056814934e+03
1.424529448709840364e-02,3.154808080415629320e+03
1.418083473244909770e-02,3.148830145286011884e+03
1.690356646245656444e-02,3.366754751678060529e+03
1.860674311759138305e-02,3.499145901828611386e+03
1.915233605727145738e-02,3.540041351872071118e+03
1.869998272172135670e-02,3.507868752628979109e+03
1.613294058280078866e-02,3.296763016503190556e+03
1.478430644606047728e-02,3.199384004998771616e+03
1.457867240825027125e-02,3.188222828621879671e+03
1.644672445508610359e-02,3.339997528870909719e+03
1.841541603033403085e-02,3.501591116212785437e+03
1.857806236297402519e-02,3.505329483981496196e+03
1.894344991375394860e-02,3.538301133989887148e+03
1.640850955156990254e-02,3.323321762359443710e+03
1.602599731706531166e-02,3.303121028357256819e+03
1.530915350190356107e-02,3.248823702357112779e+03
1.684135074948754640e-02,3.379052992281909155e+03
1.826864599866250688e-02,3.499300839759231167e+03
1.814275814102224091e-02,3.486654131532981864e+03
1.843836098160658854e-02,3.513023194940813937e+03
1.618259917502081965e-02,3.316339251745300317e+03
1.616814008413216749e-02,3.321415944920116999e+03
1.608980112144974689e-02,3.312816215414524322e+03
1.821657094300556737e-02,3.491353554597593302e+03
1.897187459144555888e-02,3.556617022048979834e+03
1.840516586794074122e-02,3.512438749577901490e+03
1.793022851482721503e-02,3.480888751793654137e+03
1.544846435785395336e-02,3.272585846465531176e+03
1.552981918214806772e-02,3.283317120178798632e+03
1.577437491771742362e-02,3.295145758120788742e+03
1.848341049522143550e-02,3.514110584494989780e+03
1.986010337228811401e-02,3.626459509600685578e+03
1.976570098926647839e-02,3.618650025519057635e+03
1.872583020958806799e-02,3.541627436669260078e+03
1.581174856426084338e-02,3.301916095667838363e+03
1.520378370710362761e-02,3.262846571278329520e+03
1.521925548622427883e-02,3.263204302629375889e+03
1.790882303646640708e-02,3.479952302404077273e+03
1.949749181026041306e-02,3.603620217356612102e+03
2.008915459962624592e-02,3.649211606766318710e+03
1.972837270498482148e-02,3.624008188074617010e+03
1.718543975041510879e-02,3.413185527757247655e+03
1.582770990716775295e-02,3.314229014260922668e+03
1.558104845889593006e-02,3.298822805340095783e+03
1.747512387259923458e-02,3.455222879104802360e+03
1.922331046567493998e-02,3.598913808052708191e+03
1.964832049023160915e-02,3.625418933934165125e+03
1.988184668715155951e-02,3.646438207525210146e+03
1.757951272080364447e-02,3.449758616728316156e+03
1.698378373833355631e-02,3.410379872952469213e+03
1.634115999093023464e-02,3.362029868164720483e+03
1.791799911843511284e-02,3.496920520267169195e+03
1.919378253487323549e-02,3.605558007983335301e+03
1.923815372656956582e-02,3.606625957699761784e+03
1.945089554908590451e-02,3.628199313526012247e+03
1.715957005668453800e-02,3.427531914761277676e+03
1.701096340939781473e-02,3.420317429696402996e+03
1.707650331883498601e-02,3.422689780574634369e+03
1.923010941050556227e-02,3.603124454570358466e+03
2.017868620041345096e-02,3.684966205990850540e+03
1.956297856002522234e-02,3.634653445860518332e+03
1.907517858208072903e-02,3.603503494977065657e+03
1.649746810266693869e-02,3.385202047063568898e+03
1.629417356609806633e-02,3.375637754656142533e+03
1.665006547869847531e-02,3.397319693990717042e+03
1.910118198044393964e-02,3.594859752092620511e+03
2.087008279560072579e-02,3.740001069871967502e+03
2.073804033002385819e-02,3.726136159753293214e+03
2.030168375272067838e-02,3.698662030953767498e+03
1.715705756286801942e-02,3.436477007236612280e+03
1.631748656691464280e-02,3.380334805131308258e+03
1.616862774308685732e-02,3.367634936976158770e+03
1.857967710906169301e-02,3.567610431331740074e+03
2.021064706181339293e-02,3.695125282441336822e+03
2.089450219922483684e-02,3.747573709958066502e+03
2.094125699407584432e-02,3.754372822234001433e+03
1.848872704145632442e-02,3.546492398015178424e+03
1.735735915431230181e-02,3.465343089462493936e+03
1.671146974900450735e-02,3.414665242439273698e+03
1.862048175882075746e-02,3.579552287708395852e+03
1.960728875450638148e-02,3.657818740729789624e+03
2.072130511990849522e-02,3.751136701384868047e+03
2.078850054712827813e-02,3.750552916413585990e+03
1.933798166064136168e-02,3.625420793120842518e+03
1.799685282798487579e-02,3.515173053888562663e+03
1.790972587592777263e-02,3.511310547147615125e+03
1.852060478512785810e-02,3.571425456562417367e+03
1.935289230841751376e-02,3.638058714529964618e+03
2.090379789490805218e-02,3.775442950635912894e+03
2.020287043950796599e-02,3.712861849599547440e+03
1.932963234417165235e-02,3.642214273746964864e+03
1.780258484788341256e-02,3.507715058829043301e+03
1.817826476754062434e-02,3.540463485691913775e+03
1.867744461977716847e-02,3.582814383954985715e+03
2.020967645895977577e-02,3.708275913383124134e+03
2.147812414664122121e-02,3.819585097479008709e+03
2.064623826149465657e-02,3.748964069174478482e+03
2.024733674900036987e-02,3.723769718562336038e+03
1.767837548355317978e-02,3.505727424468851950e+03
1.731881295118650396e-02,3.483275634586771048e+03
1.769171843621063223e-02,3.507443786069971793e+03
2.004837377572961377e-02,3.699205104338003821e+03
2.176060739148006837e-02,3.839588689868195615e+03
2.187450616670298664e-02,3.846544622798113778e+03
2.161059679075967230e-02,3.832200534519838129e+03
1.860288221590850402e-02,3.579613982703404417e+03
1.749344365363076845e-02,3.499646919273659023e+03
1.723261308691959731e-02,3.478306985929645634e+03
1.940911594132911991e-02,3.662816396345627709e+03
2.069138384446047793e-02,3.759670115184255337e+03
2.215230307289583686e-02,3.880284606314630764e+03
2.208019445581356488e-02,3.869504264433126991e+03
2.047902699731157794e-02,3.736237199627552400e+03
1.878948439493684577e-02,3.599748769786800494e+03
1.803980132834785005e-02,3.544249678236010368e+03
1.863101300405651042e-02,3.602473083048567787e+03
1.995574232398903206e-02,3.708969529378429797e+03
2.194688223848320283e-02,3.878863962860860738e+03
2.169271951508330160e-02,3.847603614703767107e+03
2.170649672762637802e-02,3.849481660550897232e+03
1.972734667378903475e-02,3.676556184918519193e+03
1.896794560519184450e-02,3.621478493948647611e+03
1.879196105774211603e-02,3.609379816635316274e+03
2.021788292545879592e-02,3.735426160711438570e+03
2.100315072023980351e-02,3.800656955320148427e+03
2.177882656302270251e-02,3.869346306245719461e+03
2.161246763605141619e-02,3.852968522033625050e+03
2.032257564832270005e-02,3.740415701087697926e+03
1.913884742170802664e-02,3.637286292124379543e+03
1.934238012676023008e-02,3.655461704200301028e+03
2.008978596133749114e-02,3.721496433991427239e+03
2.148928641271624640e-02,3.837803072105055435e+03
2.263319240506839539e-02,3.940281244697361672e+03
2.173830031388576320e-02,3.863810736913755136e+03
2.117878775517450379e-02,3.823876023438152060e+03
1.887483792860314771e-02,3.626050441458411569e+03
1.859154131045887698e-02,3.607897897639288203e+03
1.889019713157924843e-02,3.625332048823934656e+03
2.133405496247143748e-02,3.828680066541663564e+03
2.263076760140908181e-02,3.933995196960234807e+03
2.313367955404910248e-02,3.977409275971142051e+03
2.280691409017338717e-02,3.954737606045775465e+03
2.022184998655645813e-02,3.735905384507826057e+03
1.873761968815760431e-02,3.619139205828400009e+03
1.848958445201560191e-02,3.599251331830497747e+03
1.981426792650222216e-02,3.714008871791215824e+03
2.148815445308756636e-02,3.844494819056025790e+03
2.347046418516486946e-02,4.012632038753361030e+03
2.321149276028480063e-02,3.984310209391282569e+03
2.248725229937911102e-02,3.927107066619643319e+03
2.034354421241426486e-02,3.744092518859452412e+03
1.918861848827651054e-02,3.658093863029118438e+03
1.902715290831568512e-02,3.647907082671858007e+03
2.090018603578569154e-02,3.809116717184645950e+03
2.211439521321093005e-02,3.907740987384544496e+03
2.322118627051533366e-02,3.999628410383110349e+03
2.325458645198968943e-02,3.995724540088720914e+03
2.190490206733922834e-02,3.879303474253222248e+03
2.044323495733373769e-02,3.756323291735644943e+03
2.004058241326846929e-02,3.729775201781405030e+03
2.019144530315955879e-02,3.749409998560056920e+03
2.149339262021614932e-02,3.859583232670569032e+03
2.287901779188157569e-02,3.978733935042897429e+03
2.288292991339370766e-02,3.976490929909168244e+03
2.299643537105997698e-02,3.986388076028656087e+03
2.108455027171262861e-02,3.815393471508468792e+03
2.043623372396796353e-02,3.764816096632044264e+03
2.035854629922208281e-02,3.755698174536882107e+03
2.177296142006915000e-02,3.882136586626094868e+03
2.245544849349948718e-02,3.937116241298194382e+03
2.367535698366119920e-02,4.049040856522879949e+03
2.308970889891943240e-02,3.996652474712695494e+03
2.198589723885063102e-02,3.906603710123529709e+03
2.032197530823569645e-02,3.760901204210481410e+03
2.017633088234150815e-02,3.749809559574146988e+03
2.037477422307256217e-02,3.762115243253330391e+03
2.265195089552735075e-02,3.954896975707239562e+03
2.388523404343981596e-02,4.057674541257777946e+03
2.427294982106261226e-02,4.093725832518342486e+03
2.374100426069286965e-02,4.051478011879878068e+03
2.137941458853592075e-02,3.850862367770878791e+03
1.997662550264924647e-02,3.737685240134344440e+03
1.976275970089398995e-02,3.720159013176116787e+03
2.118661625527028941e-02,3.842510779653982809e+03
2.278434963890833484e-02,3.967524205668656123e+03
2.479598798091552092e-02,4.141354447440925469e+03
2.440361873449030383e-02,4.101207179517579789e+03
2.395737251960302489e-02,4.068044683711316793e+03
2.159196936552786050e-02,3.864046158229942193e+03
2.043381754001785330e-02,3.776258154770970123e+03
2.029121482798343715e-02,3.766260381678134308e+03
2.196867966595235019e-02,3.912951424363497154e+03
2.312766166065551715e-02,4.004492041148879707e+03
2.473143555066618579e-02,4.140938006754673552e+03
2.454397316813496446e-02,4.117702521366646579e+03
2.359903047625211761e-02,4.037886711079356701e+03
2.191143369228559443e-02,3.891036081920845390e+03
2.122762983775496395e-02,3.842361122197466557e+03
2.091916191309749554e-02,3.819017941954005437e+03
2.263246024408083895e-02,3.969950348898005814e+03
2.365640401137160398e-02,4.055464999236062795e+03
2.466327777983287617e-02,4.142522552019679097e+03
2.455943343800660872e-02,4.127710405079456905e+03
2.323205835797243282e-02,4.009738936473936519e+03
2.203489844857022331e-02,3.905448181069514703e+03
2.172759286279780239e-02,3.883750664297712319e+03
2.213616124977523317e-02,3.923433693532779671e+03
2.331585489038335776e-02,4.024994513327189452e+03
2.442150716164889421e-02,4.122651854526902753e+03
2.446623236015138883e-02,4.127341577597518153e+03
2.434553911023362716e-02,4.119177019860047949e+03
2.266531387782743517e-02,3.969312380182922425e+03
2.170605216809528767e-02,3.885155132957737351e+03
2.188456662479188256e-02,3.897776830997332581e+03
2.303443469869315835e-02,3.998858955265708119e+03
2.431149627347556352e-02,4.104375258415127973e+03
2.578211093563898687e-02,4.238354497536530289e+03
2.490300690575113565e-02,4.159423534782795286e+03
2.431102738598832705e-02,4.114434020881903962e+03
2.204688128859219609e-02,3.916890615378752955e+03
2.134908212998915672e-02,3.863790260452274197e+03
2.146770489108114008e-02,3.870731268511626240e+03
2.341391699954120664e-02,4.036853959989799932e+03
2.467676569620811181e-02,4.136416587078010707e+03
2.617275992884410610e-02,4.269057684100992446e+03
2.570483345358968649e-02,4.224633961721028754e+03
2.451567611951381565e-02,4.125877233704814898e+03
2.239124641493334816e-02,3.942287461094653736e+03
2.178673875615744909e-02,3.899372474971848987e+03
2.176825116781418504e-02,3.897974852466775246e+03
2.371162257844616067e-02,4.066605996556522769e+03
2.498007964370495965e-02,4.168948161383912520e+03
2.609658991452345686e-02,4.264423837353126146e+03
2.600398031904915114e-02,4.251918090825762192e+03
2.470417163471201258e-02,4.139347979927794768e+03
2.306873620303807881e-02,3.998784774966898567e+03
2.251051372829558292e-02,3.958543560643397086e+03
2.242835257531197030e-02,3.954506635674583322e+03
2.405798654864194780e-02,4.097226585494639039e+03
2.527708077655738822e-02,4.200074215815021489e+03
2.611009781981599512e-02,4.271544644229572441e+03
2.604868447125492301e-02,4.260632911439482996e+03
2.479117873031771654e-02,4.147958721331408924e+03
2.338104005161291410e-02,4.024680163522902149e+03
2.325425430737382629e-02,4.019317240299030800e+03
2.330850051550204319e-02,4.027710340176389309e+03
2.457507563846490772e-02,4.139339272922911732e+03
2.566818544385281523e-02,4.235966658991316763e+03
2.604146438427173624e-02,4.269179850432876265e+03
2.603708617740225356e-02,4.267846195482338771e+03
2.454515841084459887e-02,4.131861033670847974e+03
2.341600711950451649e-02,4.030847209664912953e+03
2.352879446418029707e-02,4.041826735062553780e+03
2.408265651257656889e-02,4.091026178999230069e+03
2.553747097105505195e-02,4.217389514919397698e+03
2.651546078601543441e-02,4.304820789452892313e+03
2.641744432299165252e-02,4.297754572143540827e+03
2.607931112258042930e-02,4.271979706910700770e+03
2.420366090616005161e-02,4.105235785562378624e+03
2.314070922374872677e-02,4.014074283820735218e+03
2.321995362866501392e-02,4.018723193769339559e+03
2.413446956465418666e-02,4.098157675642542017e+03
2.583779082736270549e-02,4.241289073068441212e+03
2.737131963889766553e-02,4.377628719656529029e+03
2.716535980739082437e-02,4.356823769344076027e+03
2.665202359164072984e-02,4.316753547664753569e+03
2.441016330815515278e-02,4.118284772259891724e+03
2.330526182417973907e-02,4.028866806806335262e+03
2.315035259218112956e-02,4.015077692432078038e+03
2.438507932083180604e-02,4.124832904761020473e+03
2.586230085124766390e-02,4.245454908815279850e+03
2.758360975576829716e-02,4.397393828093839147e+03
2.746918301359164635e-02,4.381072020445331873e+03
2.721261757440927506e-02,4.361017832760045167e+03
2.520995919530205631e-02,4.181891007932032153e+03
2.402583259215877384e-02,4.085923318663918963e+03
2.370184529250864494e-02,4.059608284224274939e+03
2.464430026109851873e-02,4.147318402814981710e+03
2.597531394181407799e-02,4.259211523755651797e+03
2.766915931805356138e-02,4.409905114330364995e+03
2.754091084021275879e-02,4.390135209676291197e+03
2.751835174773906156e-02,4.388555847896507657e+03
2.569389525551776104e-02,4.221539682529726633e+03
2.481327652837518952e-02,4.149590845184719910e+03
2.446687950619835447e-02,4.120893357127763920e+03
2.523871646001357369e-02,4.194962973310663074e+03
2.637350811189223890e-02,4.292585146468180028e+03
2.782868321909612655e-02,4.424087623618027465e+03
2.767268759346214191e-02,4.404814420982126649e+03
2.756563536538700690e-02,4.394899295693340719e+03
2.592950000069863675e-02,4.242708041906326798e+03
2.506146611277399947e-02,4.168653674156275883e+03
2.502804910339003971e-02,4.165491700710982514e+03
2.592996555508984488e-02,4.250299412065028264e+03
2.695870464328687516e-02,4.339604446484550863e+03
2.819087151061808530e-02,4.453340366867990269e+03
2.784493267783946097e-02,4.420256512418503917e+03
2.757707537557668037e-02,4.399133041200274420e+03
2.586695315239241622e-02,4.241927653925376944e+03
2.503873499662223612e-02,4.168457611068613915e+03
2.515054998762166621e-02,4.174796404843903474e+03
2.607968332029711456e-02,4.259220439363987680e+03
2.749763536434858893e-02,4.381222476858898517e+03
2.888375421727219783e-02,4.508685469051057225e+03
2.857500563986599060e-02,4.478193814685472717e+03
2.801755730527415514e-02,4.432641198111640733e+03
2.596708058972498415e-02,4.248425369766397125e+03
2.490734969828459905e-02,4.158855259972285239e+03
2.491194963661455195e-02,4.158385923512412774e+03
2.605135656939180575e-02,4.259370293753872829e+03
2.750772537043589747e-02,4.381333490176633859e+03
2.912419169382292686e-02,4.526952436212229259e+03
2.904599488153524270e-02,4.515208321079414418e+03
2.880868104391177270e-02,4.497246710429780251e+03
2.680369879044892240e-02,4.315243063405002431e+03
2.556245444820235899e-02,4.210208187444802206e+03
2.534093984352419823e-02,4.192944245960399712e+03
2.605781528647774237e-02,4.259675786958841854e+03
2.757962373842683459e-02,4.390626061067450792e+03
2.906215853732972698e-02,4.521405022870658286e+03
2.933677204065764793e-02,4.540758811589419565e+03
2.933191704912634784e-02,4.540107410357305525e+03
2.766145107232686681e-02,4.385664376984667797e+03
2.645124737605129492e-02,4.280029324092605748e+03
2.609500787904445521e-02,4.252476917601664354e+03
2.647926012622214484e-02,4.290340825176076578e+03
2.784758030605299223e-02,4.411225760009755504e+03
2.906168718702905468e-02,4.519134110210131439e+03
2.958892524607118282e-02,4.564312358451547880e+03
2.960893600693648500e-02,4.561947143153450270e+03
2.829321314151059252e-02,4.438555831391724496e+03
2.706447864886453447e-02,4.326533140644693958e+03
2.670465392776602900e-02,4.299722125438922376e+03
2.685752483040674404e-02,4.315798091659435158e+03
2.824248282647881525e-02,4.442518243031127895e+03
2.920306855082572053e-02,4.528073301989076754e+03
3.000571238260996837e-02,4.601570743897283137e+03
2.972112936788160950e-02,4.571342190534856854e+03
2.865768034878253198e-02,4.472523092236522643e+03
2.729386058078030197e-02,4.343766996753334752e+03
2.710883865310126720e-02,4.330069063922744135e+03
2.730440386030217464e-02,4.345767140367011052e+03
2.874057561046890544e-02,4.479298189013425144e+03
2.956193008945313949e-02,4.551355481945630345e+03
3.039324277198208676e-02,4.631659668693717322e+03
2.987680347070991241e-02,4.582281577298558659e+03
2.902573424895474666e-02,4.506472241592196042e+03
2.738182825967359901e-02,4.352778645195049648e+03
2.698951941531854345e-02,4.320557953633949182e+03
2.706052646774927475e-02,4.323264875259435030e+03
2.872884948125527943e-02,4.475249258846717566e+03
2.984446523452750563e-02,4.569799185317782758e+03
3.111850475116191214e-02,4.689551885656486775e+03
3.065090956185705789e-02,4.642936414006139785e+03
2.982100332968572881e-02,4.570561001009764368e+03
2.790989948987549971e-02,4.393694520902682598e+03
2.716049878024537692e-02,4.331957527530287734e+03
2.715887961671215739e-02,4.330664502461018856e+03
2.847585079223359517e-02,4.451580213607543556e+03
2.974420905176946434e-02,4.559371014718043625e+03
3.123793723644094356e-02,4.697481049261315093e+03
3.109260558012035686e-02,4.677842239011020865e+03
3.079386915040820821e-02,4.652392811591148529e+03
2.898268937676907672e-02,4.482737833313114606e+03
2.794548703486262123e-02,4.393260446010466694e+03
2.773387085228582946e-02,4.375581831936552589e+03
2.843469809080122895e-02,4.442578025083503235e+03
2.982325336885859046e-02,4.565065837182959513e+03
3.118405647233462794e-02,4.688703797853901960e+03
3.146704386739599540e-02,4.709576541864566025e+03
3.144602827729425093e-02,4.705883555625850931e+03
2.998318290862785063e-02,4.566041869771597703e+03
2.883050440991080307e-02,4.460406647300545046e+03
2.855473176725723677e-02,4.439082633813774919e+03
2.868313401534245202e-02,4.452788368164872736e+03
3.008414926973624476e-02,4.582068295750398647e+03
3.115196164945667479e-02,4.677762090397775864e+03
3.200970528401362453e-02,4.756109091043679655e+03
3.180089296950335681e-02,4.730606433143148934e+03
3.083225109307178441e-02,4.637906449600570340e+03
2.950282178876695652e-02,4.510113341744507125e+03
2.901610033624665158e-02,4.470174763051944865e+03
2.912346219956195303e-02,4.480097769493561827e+03
3.045802168286913456e-02,4.607022288408435088e+03
3.130242982521697082e-02,4.681164778466311873e+03
3.244666202920529902e-02,4.790659176466148892e+03
3.205920846091414589e-02,4.748831185303953134e+03
3.152718396075889634e-02,4.699468367444056639e+03
2.992670731741152446e-02,4.543609834760488411e+03
2.938205726806514262e-02,4.495387829771190809e+03
2.945457711356305394e-02,4.499499634785673152e+03
3.040898343541564505e-02,4.590956146417041964e+03
3.156521367818063140e-02,4.695336534855579885e+03
3.273460473378177887e-02,4.808141850897814948e+03
3.245731199959983604e-02,4.779092593390345428e+03
3.216508994317383158e-02,4.753395325882989709e+03
3.044517848390573128e-02,4.588743181524533611e+03
2.942809889389829889e-02,4.495789783510989764e+03
2.926804845248359016e-02,4.481698079480003798e+03
3.002070090095754554e-02,4.551193558088505597e+03
3.152134826727127914e-02,4.686782832096578204e+03
3.272213974243010776e-02,4.797482985149467822e+03
3.313468787754444284e-02,4.835412886374103437e+03
3.286753812374741679e-02,4.809594545920293967e+03
3.146721391247338240e-02,4.676413954372100307e+03
3.006667769999497863e-02,4.545251437827317204e+03
2.964020981101949184e-02,4.510564812214186531e+03
2.988705388212927264e-02,4.532605778033404931e+03
3.138358365592262833e-02,4.672273654716605051e+03
3.249525697821376014e-02,4.770372742269870287e+03
3.358983552119367000e-02,4.873918334702532775e+03
3.344075152787402694e-02,4.853388274413524414e+03
3.276377548314751698e-02,4.788978755820327024e+03
3.115631002340105149e-02,4.632653455874967221e+03
3.047806499223237875e-02,4.573833973361016433e+03
3.040869907163533392e-02,4.566520097408870242e+03
3.140051431135440496e-02,4.662260772903018733e+03
3.255965333395503813e-02,4.766127158753906770e+03
3.388029843153073095e-02,4.891925337378497716e+03
3.387152921244108300e-02,4.884457551886283909e+03
3.376683773183109666e-02,4.873172547224273330e+03
3.228809001715782917e-02,4.726434479063913386e+03
3.130444032837933349e-02,4.633842296325520692e+03
3.100761876530334568e-02,4.608355249289599669e+03
3.148739448280505476e-02,4.655090385267179045e+03
3.283074883105385755e-02,4.780529763069309411e+03
3.392373532177542228e-02,4.881386496334544063e+03
3.453090331922771539e-02,4.937735474371535020e+03
3.434281245699648266e-02,4.914614905892866773e+03
3.339989950380000544e-02,4.820676731218594796e+03
3.211447676863492945e-02,4.692881026426677636e+03
3.175139349547953516e-02,4.661392517020901323e+03
3.173612825766421869e-02,4.658894867573168085e+03
3.301573084767300825e-02,4.783796608794323220e+03
3.397211376427718144e-02,4.870055712027012305e+03
3.507184848987311004e-02,4.978191003018087031e+03
3.492654382577743688e-02,4.957173778320669953e+03
3.450379242159755389e-02,4.915023988510182789e+03
3.295534964988039439e-02,4.759131914436770785e+03
3.215003056288140426e-02,4.683551715818854973e+03
3.214273181344198121e-02,4.682009191436580295e+03
3.293370561084459774e-02,4.758668188948416173e+03
3.411619671428175321e-02,4.869155893621034920e+03
3.516184390557398898e-02,4.970389084597006331e+03
3.534224889812127152e-02,4.986273896904435787e+03
3.511964560751429376e-02,4.963157495615275366e+03
3.375666147433509234e-02,4.828049261860935076e+03
3.249292939618988324e-02,4.705066223762842128e+03
3.211315738169888412e-02,4.672656229831908604e+03
3.238677655049829185e-02,4.697867086183815445e+03
3.381181124411632155e-02,4.835522831774677798e+03
3.480307499046841196e-02,4.926516513073625902e+03
3.581478435465775684e-02,5.026514232749964322e+03
3.547566109396083078e-02,4.988654311801898984e+03
3.479604827994244032e-02,4.923776072311028656e+03
3.320517042600977520e-02,4.765876778210762495e+03
3.242592374651458859e-02,4.695698389379584114e+03
3.241810751125279860e-02,4.694975759075824499e+03
3.335833577251400006e-02,4.786954838771130198e+03
3.456543020542662825e-02,4.898983499987342839e+03
3.574935162153732027e-02,5.013900010120406478e+03
3.593408370454430345e-02,5.027919838581850854e+03
3.581334819371209677e-02,5.014178879189171312e+03
3.449829785060630483e-02,4.880988860217228648e+03
3.334758770818645190e-02,4.767651095933323631e+03
3.308969761400763765e-02,4.745265991355116967e+03
3.325386104777768720e-02,4.760376837584155510e+03
3.459582609966488365e-02,4.891372283540857097e+03
3.559550018158499224e-02,4.983623509630077933e+03
3.653271900975167685e-02,5.076174921087847906e+03
3.637369194200160138e-02,5.053766274925242215e+03
3.578660913745086020e-02,4.994358040626560069e+03
3.429057071208601454e-02,4.841599281440993764e+03
3.353892099496295215e-02,4.771543942396447164e+03
3.352236832929656601e-02,4.769234611904840676e+03
3.438339223951437928e-02,4.854217909502315706e+03
3.553678091896574076e-02,4.962986126390563186e+03
3.664789551457184325e-02,5.071787164012353969e+03
3.681560732126365476e-02,5.084742732340426301e+03
3.656063009187487250e-02,5.057817286141562363e+03
3.530748117394163360e-02,4.930573984257751363e+03
3.409156103162742230e-02,4.809784210441610412e+03
3.381702419771094592e-02,4.786721144259081484e+03
3.405435776379355656e-02,4.808363739008186712e+03
3.526877768103355015e-02,4.928618897727636067e+03
3.622069396558617177e-02,5.017713807572416044e+03
3.719041495798610514e-02,5.115487625612458942e+03
3.703544298630229853e-02,5.094029090520294631e+03
3.652998002441647241e-02,5.043056716475088251e+03
3.503120036915910451e-02,4.889488960848993884e+03
3.425194460864991464e-02,4.815045970623187713e+03
3.405531090445040876e-02,4.796837487358318867e+03
3.474277638939830132e-02,4.866188329504042485e+03
3.597607525084705465e-02,4.985315074531965365e+03
3.701801928485713017e-02,5.087022182415296811e+03
3.742881547752859028e-02,5.126429372947621232e+03
3.717624819073444414e-02,5.098219943412883367e+03
3.618592749743967940e-02,4.996940517339960024e+03
3.491853592446189647e-02,4.867719224488620057e+03
3.449693088365023835e-02,4.829328704433557505e+03
3.449821351437480643e-02,4.828650824113285125e+03
3.561711626901421790e-02,4.941515778683207827e+03
3.663304909529143533e-02,5.037534647859096367e+03
3.773178490424714676e-02,5.148424026153737032e+03
3.761589603645562607e-02,5.131353037616831898e+03
3.728473137153488770e-02,5.097777869677304807e+03
3.591417128238350714e-02,4.955983492202793059e+03
3.496472074888615222e-02,4.861752861235162527e+03
3.479888413574672157e-02,4.847144760410511481e+03
3.517849084779869906e-02,4.884128885590301252e+03
3.640497836489950401e-02,5.005644978175690085e+03
3.733932317993922390e-02,5.095253439000465733e+03
3.805818971160040975e-02,5.168225460660734825e+03
3.778275642063608220e-02,5.136050306943831856e+03
3.717704601120675606e-02,5.074450750327994683e+03
3.578759787407474746e-02,4.930386347357313753e+03
3.514508247606316221e-02,4.869210951030493561e+03
3.501335635892108278e-02,4.856474502786574703e+03
3.580145985457470342e-02,4.936925053557744832e+03
3.695824290704236709e-02,5.049413271617917417e+03
3.799580764533745658e-02,5.152626137372557423e+03
3.828452203879243593e-02,5.179154894080078520e+03
3.803586697681587275e-02,5.151307150207941959e+03
3.698945685332131333e-02,5.042650481409972599e+03
3.576630431423270806e-02,4.916975259226345770e+03
3.540109112809464859e-02,4.883627947806391603e+03
3.555121658797082140e-02,4.897332960940202611e+03
3.661654134369610875e-02,5.005163637247884253e+03
3.758761986049920234e-02,5.097714672829148185e+03
3.856733921480755972e-02,5.197842923166647779e+03
3.847953314417703469e-02,5.183983814104175508e+03
3.816450915101580327e-02,5.151315176079375306e+03
3.687068243091433384e-02,5.015723975665052421e+03
3.592627086235343492e-02,4.920333561510902655e+03
3.574431360342839037e-02,4.904055034957956195e+03
3.607330029702543461e-02,4.936105749381117676e+03
3.719839856489527002e-02,5.050197044616447783e+03
3.811503283885203652e-02,5.139221525887032840e+03
3.891680955258391278e-02,5.221729308896651673e+03
3.869863147277285975e-02,5.194412875441867982e+03
3.819340863750662202e-02,5.142165804536368341e+03
3.684142231828455710e-02,4.999759431123608920e+03
3.613683365815909682e-02,4.930127031518934928e+03
3.608263961038895434e-02,4.924585294820829404e+03
3.666997099533218785e-02,4.983760889440967730e+03
3.780251468642265023e-02,5.096195914875004746e+03
3.874925297591292478e-02,5.189899809767454826e+03
3.923723144135305568e-02,5.238805685695082502e+03
3.896712384723618333e-02,5.207285424942510872e+03
3.818216522220309328e-02,5.125515173193469309e+03
3.688548626967250166e-02,4.989648649202771594e+03
3.636933716186193516e-02,4.940524376223954278e+03
3.641722207141780132e-02,4.944598585517148422e+03
3.723844482814577667e-02,5.028810712475387845e+03
3.828343447154360785e-02,5.131541182621689586e+03
3.923371999477860694e-02,5.228295074318947627e+03
3.945514002905304435e-02,5.248251410344671967e+03
3.927455236192396032e-02,5.226623674552925877e+03
3.825401479904291802e-02,5.117823271292463687e+03
3.710396387603822482e-02,4.997233223733412160e+03
3.671433830525679815e-02,4.960313953673576179e+03
3.672810204854718569e-02,4.961437721411726670e+03
3.772028179286548294e-02,5.064770245261579475e+03
3.871410248469401433e-02,5.162548857174506338e+03
3.967594265631196188e-02,5.262305316243506240e+03
3.979287621670222347e-02,5.269267411261648704e+03
3.950346855611479996e-02,5.236733629673160067e+03
3.832021087946037990e-02,5.109785863511067873e+03
3.731454078087614867e-02,5.004829120393853373e+03
3.694161488341700383e-02,4.969782255690741295e+03
3.718615810612069944e-02,4.994571738442221431e+03
3.822994045932248675e-02,5.102776620612239640e+03
3.916500959750951472e-02,5.195245931916373593e+03
4.007038182433186879e-02,5.289820473541451065e+03
4.006683447150324179e-02,5.283485374600009891e+03
3.970812670808335221e-02,5.243719662048642931e+03
3.846329782066307962e-02,5.109056693613930292e+03
3.758417591752460235e-02,5.017630494763257047e+03
3.729665364254226845e-02,4.990292422706941579e+03
3.764710690952863953e-02,5.026363874111671976e+03
3.877650244678709085e-02,5.142722951946051580e+03
3.967726360038290045e-02,5.231960587913380550e+03
4.044338532385408774e-02,5.312118762267819875e+03
4.027524134211979412e-02,5.289355434430455716e+03
3.982815714085329722e-02,5.241355581761516078e+03
3.858685749324174130e-02,5.107103222454206843e+03
3.775877886161400215e-02,5.022532273272649036e+03
3.767066085334265513e-02,5.014734465802881459e+03
3.815246627730783241e-02,5.063823849222255376e+03
3.925502067885999757e-02,5.176654248609623210e+03
4.015707724213397195e-02,5.266618043617369949e+03
4.079224545160067827e-02,5.332451891644775969e+03
4.057530258657808531e-02,5.304585018825427142e+03
4.002368103096470842e-02,5.245189270638092239e+03
3.877840512521613797e-02,5.110303413309995449e+03
3.812161663384197596e-02,5.043967138331933711e+03
3.807163449184832599e-02,5.038948634906613734e+03
3.861306384450861190e-02,5.094719464202248673e+03
3.966101978644349241e-02,5.201942134146604985e+03
4.053153666561880308e-02,5.290203212120417447e+03
4.108883693638015755e-02,5.347979017594552715e+03
4.087915549808066734e-02,5.321090697531336446e+03
4.030546080386094437e-02,5.258270664521720391e+03
3.911895678826062678e-02,5.128346535213546304e+03
3.850122269743817827e-02,5.064943684272519022e+03
3.846188914747139531e-02,5.060507717469355157e+03
3.903628647920486666e-02,5.120429329720299393e+03
4.004885620563570364e-02,5.224923521183843150e+03
4.093825045610050006e-02,5.316007613173222126e+03
4.141428834534287284e-02,5.365103017361388993e+03
4.118372338777218089e-02,5.336427668921860459e+03
4.055651528391353983e-02,5.267724125088539950e+03
3.939295136981827566e-02,5.140205806791209397e+03
3.881004975618045777e-02,5.080625118385085443e+03
3.879029708898831114e-02,5.078330106092736969e+03
3.931496936282114635e-02,5.134211524526216635e+03
4.034001090572544856e-02,5.240797944541292964e+03
4.122702913882157760e-02,5.332750779465041887e+03
4.177720666047537307e-02,5.389334731820403249e+03
4.156648780254686149e-02,5.361501370496085656e+03
4.088119602301184402e-02,5.285570595947677248e+03
3.971454132822225397e-02,5.156950689081689234e+03
3.915389729138817054e-02,5.099287455247347680e+03
3.914832144142500053e-02,5.098302941662168450e+03
3.976051872524175718e-02,5.162930811774789618e+03
4.074902231355870263e-02,5.265286721105113429e+03
4.159563834393052023e-02,5.353334608939254394e+03
4.204205307496451660e-02,5.399649483516313012e+03
4.183511863960204941e-02,5.373223106620355793e+03
4.120846810138624472e-02,5.303376835819351072e+03
4.009612197419448049e-02,5.179770465164876441e+03
3.953881869987795755e-02,5.121693001447235474e+03
3.943038265549794058e-02,5.110466215895282403e+03
4.003490548744622485e-02,5.175400592739416425e+03
4.106358590392788360e-02,5.282687611828973786e+03
4.192613788365979338e-02,5.372382124653740902e+03
4.240182362570395908e-02,5.421624088919332280e+03
4.221059973632351053e-02,5.396023726023232484e+03
4.162311552554063404e-02,5.329383241855292908e+03
4.052125546684640089e-02,5.205519217726756324e+03
3.994141457294793363e-02,5.144099939410468323e+03
3.990847442693298136e-02,5.139951624333987638e+03
4.037894554290383242e-02,5.190352646605517293e+03
4.136204303662042309e-02,5.294395104849722884e+03
4.221231836463677778e-02,5.383481898354970326e+03
4.272520856909813730e-02,5.437740750984852639e+03
4.255223535465496587e-02,5.414207398270233170e+03
4.202156598082632671e-02,5.353739118075584884e+03
4.093532364077872437e-02,5.230856064486265495e+03
4.032650665637967091e-02,5.165616531180285165e+03
4.027065224825520512e-02,5.159221093418041164e+03
4.075596821982099827e-02,5.210436586411782628e+03
4.170641597202900952e-02,5.311144174702302735e+03
4.251378920467333011e-02,5.395757280739113412e+03
4.306137426686366260e-02,5.454618826807973164e+03
4.289914155146134361e-02,5.432312485179099895e+03
4.242842650879087574e-02,5.378606044688695874e+03
4.135539839495289832e-02,5.256756705715537464e+03
4.069841023407083647e-02,5.185809855645762582e+03
4.060706484053172582e-02,5.176183531047012366e+03
4.094895312876749988e-02,5.212915542826555793e+03
4.193083120349284931e-02,5.318395691197394626e+03
4.277068654498175637e-02,5.406321485428633423e+03
4.342422706769095975e-02,5.476804812153641251e+03
4.338939639276856441e-02,5.466714367706128542e+03
4.295880400619907918e-02,5.415508641375940897e+03
4.188866554227810290e-02,5.292374308703610950e+03
4.111050835197421066e-02,5.207018397695411295e+03
4.096544888528124567e-02,5.192457065726238397e+03
4.132566843715224786e-02,5.230649371159351176e+03
4.226532014220065608e-02,5.332275211125611349e+03
4.311115683913836760e-02,5.420600243181590486e+03
4.377275915594205230e-02,5.492269425355707426e+03
4.370307667705398968e-02,5.479378616649035393e+03
4.334412158544624638e-02,5.437198872973937796e+03
4.235106832740286736e-02,5.322801611398564091e+03
4.151671970580456117e-02,5.230387611081867362e+03
4.132356934287720329e-02,5.210990999940177062e+03
4.161146521741272003e-02,5.241195538219260015e+03
4.250615409647309773e-02,5.338533694760692924e+03
4.334840944920569095e-02,5.426793524497660655e+03
4.414345314969923134e-02,5.512985866995201832e+03
4.417021133947930667e-02,5.509717544782415644e+03
4.385588323405562039e-02,5.471073281587963720e+03
4.293114979080135674e-02,5.363302793030866269e+03
4.201751062394794289e-02,5.260298974665589412e+03
4.172700721886986319e-02,5.230358389033619460e+03
4.191517065181354224e-02,5.250128949294166887e+03
4.265631163110562146e-02,5.332168183128564124e+03
4.352377767656187557e-02,5.425078382691930528e+03
4.430928644682079198e-02,5.511210667924573499e+03
4.449562296150768453e-02,5.527735444195191121e+03
4.433319383661170343e-02,5.504887868178605459e+03
4.356068004670649030e-02,5.412730796415429722e+03
4.263140305308563832e-02,5.304628121822006506e+03
4.223140950883398637e-02,5.260656403782277266e+03
4.221255186114949293e-02,5.258021421594663479e+03
4.286459940571453464e-02,5.331063299613158051e+03
4.377020060238900195e-02,5.429159834300200600e+03
4.455677971084685135e-02,5.515043121182609866e+03
4.497595218977332859e-02,5.558430499148626041e+03
4.479524634289722834e-02,5.531983275762849189e+03
4.414849739942890150e-02,5.454557562320163925e+03
4.317525600798362978e-02,5.340209646737729599e+03
4.258310209013453640e-02,5.275064791035615599e+03
4.256866434354082684e-02,5.274027757455270148e+03
4.310401155003891482e-02,5.333424926732870517e+03
4.398912010515199089e-02,5.430599212923443702e+03
4.477221824760067859e-02,5.515633825798856378e+03
4.527984802527552227e-02,5.570849258294862921e+03
4.516784757705346459e-02,5.552473773468022046e+03
4.474750938477577850e-02,5.500601386287366950e+03
4.380415191301841732e-02,5.387500613055826761e+03
4.317319069719305347e-02,5.314898023623972222e+03
4.297083781086931398e-02,5.292606143093787068e+03
4.331941013907084082e-02,5.331387632444162591e+03
4.419967869386193932e-02,5.429460844368628386e+03
4.500562645358861802e-02,5.516578863531806746e+03
4.563791199740893645e-02,5.586669143905925011e+03
4.562545064389323529e-02,5.579450741508038845e+03
4.530385828759048855e-02,5.538798278682883392e+03
4.442411435147071430e-02,5.432632870623077906e+03
4.368251416121286812e-02,5.345805803133190238e+03
4.345668281083413242e-02,5.320475149340538337e+03
4.358661290182137826e-02,5.334141157888656380e+03
4.433290549963815608e-02,5.418690041108808146e+03
4.518371010847920671e-02,5.511768859860628254e+03
4.595471489795864561e-02,5.597602573969864352e+03
4.611041615214424988e-02,5.609744334971001081e+03
4.587011793379402319e-02,5.577152205758400669e+03
4.513180341526625006e-02,5.486858445784734613e+03
4.428312171209195652e-02,5.385430903550629409e+03
4.382720041264142469e-02,5.334475351666333154e+03
4.390491251856333543e-02,5.343304480503486047e+03
4.453852873104943710e-02,5.415062405609708549e+03
4.539771212571233616e-02,5.510270449544326766e+03
4.619414583651973438e-02,5.597651072468992425e+03
4.654624266646615466e-02,5.634037786152720400e+03
4.638270889921514845e-02,5.609055347485762468e+03
4.586659135638846557e-02,5.544233598302623250e+03
4.497138628859628784e-02,5.434816464602208725e+03
4.443083640474824320e-02,5.371830360180531898e+03
4.428276768666090935e-02,5.355270735981770486e+03
4.468573876041357501e-02,5.401796902672956094e+03
4.553509427211524518e-02,5.498408197185030076e+03
4.631156454130679750e-02,5.584591057223936332e+03
4.686920175205496614e-02,5.647016525779195035e+03
4.683836135118990551e-02,5.637220973984140983e+03
4.649528956090697579e-02,5.592546261008863439e+03
4.565444463310679157e-02,5.488091156852908171e+03
4.498687858281445739e-02,5.407708280154499334e+03
4.479981488351374164e-02,5.385605540631408076e+03
4.495926442226151620e-02,5.402711602825649607e+03
4.568875230935436071e-02,5.486962296880184113e+03
4.648660242440116191e-02,5.576076884717641406e+03
4.720566628120856367e-02,5.657460837649254245e+03
4.736313201701591175e-02,5.669799791162673500e+03
4.713575624560203958e-02,5.637337247062990173e+03
4.644915331219735127e-02,5.550357361470228170e+03
4.573381423462331841e-02,5.460854917679300343e+03
4.537326885917671720e-02,5.416849991571669307e+03
4.541065968659342006e-02,5.419185036671749003e+03
4.589015483840781090e-02,5.474390389290720123e+03
4.660926547384636881e-02,5.557036459260313677e+03
4.729990569072681228e-02,5.636806008474623013e+03
4.775017480865965253e-02,5.687358903209453274e+03
4.765547371503323776e-02,5.669981798362152404e+03
4.719112196699581235e-02,5.609834306432314406e+03
4.635319970932656741e-02,5.504506316181194961e+03
4.582100910634282626e-02,5.440036140681982943e+03
4.574463750604921414e-02,5.430139618235287344e+03
4.602751671050275828e-02,5.462158309108105641e+03
4.678768912950465042e-02,5.550818208046444852e+03
4.753831721175493658e-02,5.635884125846007919e+03
4.817207731663816772e-02,5.708217161279751053e+03
4.822327346370778450e-02,5.706999139451184419e+03
4.793605381258554676e-02,5.666585238410993952e+03
4.719983362536664395e-02,5.571327984996428313e+03
4.650590854059001578e-02,5.484267172846375615e+03
4.624356787518040662e-02,5.452336819527276930e+03
4.639167313564866030e-02,5.468024551414740927e+03
4.696352612440830854e-02,5.535055422499688575e+03
4.771133169851440869e-02,5.621440504961713486e+03
4.837670286163500005e-02,5.698583124770552786e+03
4.865129874685819589e-02,5.727194899569290101e+03
4.851085359711264366e-02,5.704259530569537674e+03
4.800656704509625311e-02,5.637221210897128913e+03
4.724761156653902588e-02,5.539278395624402037e+03
4.682088804504135754e-02,5.485720798422532425e+03
4.681206221019381525e-02,5.482463586407368894e+03
4.716388799444621444e-02,5.522782730409878241e+03
4.790161590553922849e-02,5.609530169912333804e+03
4.860677079162593894e-02,5.690797389756347002e+03
4.915840668872079045e-02,5.753964791030311062e+03
4.916211153361881719e-02,5.746638902379044339e+03
4.883565207229727256e-02,5.700412398337906779e+03
4.809611183764124498e-02,5.602746085215401763e+03
4.748216758194512971e-02,5.524225995464643347e+03
4.719282899093105166e-02,5.488748256831566323e+03
4.737046387069608622e-02,5.509946461168111455e+03
4.802288486852416410e-02,5.588331833468980221e+03
4.876463133794580601e-02,5.675193767269158343e+03
4.943849598597184480e-02,5.754069916346094033e+03
4.966334696158679340e-02,5.775293489328414580e+03
4.949200898551974620e-02,5.747141799712573629e+03
4.894662912406551325e-02,5.673005992840966428e+03
4.819216303410776142e-02,5.574234229886436879e+03
4.781220859680712643e-02,5.525890680414281633e+03
4.782453523577732957e-02,5.525700018814171926e+03
4.825339441215581449e-02,5.576122227626819949e+03
4.896780428094791443e-02,5.660811523240096903e+03
4.963160270913330452e-02,5.738368717213398668e+03
5.008533873367508604e-02,5.790563604128822590e+03
5.007837195561184312e-02,5.782616780311036564e+03
4.979676033414599107e-02,5.740970484295140523e+03
4.912180994382779609e-02,5.649036487010095698e+03
4.854557199550467439e-02,5.572964583256061815e+03
4.828985181131835447e-02,5.540205980595054825e+03
4.847636459532357611e-02,5.561917673126450609e+03
4.910142290528863446e-02,5.637548512749437577e+03
4.981675431346320460e-02,5.722290729607217145e+03
5.046459082970681381e-02,5.798747749567433857e+03
5.069609242416615869e-02,5.820605868884027586e+03
5.054324843173153142e-02,5.793457763723694370e+03
5.005455893349407964e-02,5.724003377271379577e+03
4.937470022339696119e-02,5.631302086118542320e+03
4.898048313977122759e-02,5.579107295811763834e+03
4.897107110645075589e-02,5.575754385728476336e+03
4.929959734794472914e-02,5.615047640213897466e+03
4.996790303034548408e-02,5.696956499639845788e+03
5.062761182124727449e-02,5.776147239382548833e+03
5.109445427103082721e-02,5.831203042153345450e+03
5.118586981224335780e-02,5.835080250559193701e+03
5.093091101917476826e-02,5.794379357270339824e+03
5.030148364127216831e-02,5.705465915662944099e+03
4.973655249183860788e-02,5.627960242490982637e+03
4.945951058135642647e-02,5.591046397232032177e+03
4.960718757533175149e-02,5.608118829875324991e+03
5.017371784388344885e-02,5.677887121031179049e+03
5.086525769203719544e-02,5.761665494929800843e+03
5.149905868475355281e-02,5.837736892014280784e+03
5.177623367741454596e-02,5.866071943227190786e+03
5.166896573547463678e-02,5.843637206247861286e+03
5.124199688606351222e-02,5.780262117247928472e+03
5.057982189230596226e-02,5.687265387901192298e+03
5.017112631593894506e-02,5.631420383334742837e+03
5.013804367626312208e-02,5.624749750007666989e+03
5.047080309719353258e-02,5.664403624583822420e+03
5.109214491842877653e-02,5.740897952474049816e+03
5.172375343836572992e-02,5.817431707949802330e+03
5.220785201934054209e-02,5.875223091428188127e+03
5.230284506476663708e-02,5.879689212880729428e+03
5.213104097584491531e-02,5.848929107830213979e+03
5.160395898808375903e-02,5.770643770337079332e+03
5.104425589230661420e-02,5.690569639488218854e+03
5.073574746225335136e-02,5.647500107054259388e+03
5.082267910028526181e-02,5.656522441271533353e+03
5.130280442720602102e-02,5.716255150595839041e+03
5.196493761919880605e-02,5.798521950800384730e+03
5.254952100899361322e-02,5.869787040733928734e+03
5.290018149744302178e-02,5.909343171411896037e+03
5.288156673437541255e-02,5.897679958846437330e+03
5.259173105791208752e-02,5.849890066647953063e+03
5.202925201743531514e-02,5.765388859941933333e+03
5.159677597128865117e-02,5.701791433214742028e+03
5.149405322269730301e-02,5.683981999148892100e+03
5.167460118705371336e-02,5.703931426477548484e+03
5.221689390857200963e-02,5.772511989154275398e+03
5.283503237521299661e-02,5.849439164499367507e+03
5.336583283689835117e-02,5.915213249894301043e+03
5.357065897458835463e-02,5.934302570023006410e+03
5.344730813315513168e-02,5.908412171072188357e+03
5.302469126618382378e-02,5.842016484142202899e+03
5.245266292610854114e-02,5.756960746141146046e+03
5.213689800388489337e-02,5.710506748570468517e+03
5.216414027654500685e-02,5.710551912599357820e+03
5.252703548114432547e-02,5.755209649646949401e+03
5.311394870933976858e-02,5.829666666166775030e+03
5.370835675143773719e-02,5.903703259070551212e+03
5.413038002417609740e-02,5.954011748539594919e+03
5.420615456132869825e-02,5.954665169516095375e+03
5.400720985559463727e-02,5.917627408645292235e+03
5.352528975202397454e-02,5.841427045758072381e+03
5.306513149737703688e-02,5.770744101273921842e+03
5.288743783535825027e-02,5.741497186740670259e+03
5.302570053330624145e-02,5.755228024444302719e+03
5.348025085606106926e-02,5.812097824850530742e+03
5.408006024610477469e-02,5.887732077556915101e+03
5.461307136275019708e-02,5.953761795252540651e+03
5.491412447329714619e-02,5.986864034963839003e+03
5.489557380846658147e-02,5.973826255360109826e+03
5.461268854936156963e-02,5.924075909825146482e+03
5.412557643510042954e-02,5.846030272447223979e+03
5.371572687164486576e-02,5.782409217795232507e+03
5.363077309970676332e-02,5.766501438658211555e+03
5.388029747860349772e-02,5.796217892051514355e+03
5.438192651912894526e-02,5.860700956041167046e+03
5.496612316104102641e-02,5.935405233484068049e+03
5.546154109449465130e-02,5.997027667530956933e+03
5.567853832641279227e-02,6.017267715930605846e+03
5.560948945015364853e-02,5.995679895262818718e+03
5.528373043278082821e-02,5.937173649015754563e+03
5.483799267266296906e-02,5.862515162326789323e+03
5.457313641525168152e-02,5.816996726921225672e+03
5.459403669175381946e-02,5.813189024803979009e+03
5.490939140157671122e-02,5.851152611262850769e+03
5.543195396226167221e-02,5.918390091850739736e+03
5.596900691492231322e-02,5.986875444743156550e+03
5.637472884392093903e-02,6.036168744788045842e+03
5.653348444168698750e-02,6.047382818348522051e+03
5.641016692455618625e-02,6.016467539836366086e+03
5.603013119607785225e-02,5.948355518866438615e+03
5.560191320855337183e-02,5.875711855447394555e+03
5.540985234467631082e-02,5.841013333081190467e+03
5.551401824503049420e-02,5.849649256930054435e+03
5.589913930603092329e-02,5.898813173886162986e+03
5.643973765827575706e-02,5.969624561068673756e+03
5.695261056223504398e-02,6.035407413704435385e+03
5.729484534059731127e-02,6.075032554976642132e+03
5.739587292580776434e-02,6.076550886455535874e+03
5.723462616945199088e-02,6.038000467497176032e+03
5.686012354559929344e-02,5.967990406314096617e+03
5.650277134697311715e-02,5.903642151673569060e+03
5.639450512152834744e-02,5.879524707673409466e+03
5.657568000057551505e-02,5.898875754227064135e+03
5.699766233040812202e-02,5.953611186718690078e+03
5.753714266101683100e-02,6.024533806100860602e+03
5.801675332322469431e-02,6.085420241527895996e+03
5.829782415039345966e-02,6.114717963917390080e+03
5.835445985855034629e-02,6.107878687873305353e+03
5.816794400712803348e-02,6.062926763215673418e+03
5.782409457396142649e-02,5.994657150937703591e+03
5.754101103566493236e-02,5.939106928309214709e+03
5.750636066276029745e-02,5.924283232077546927e+03
5.774807105703606835e-02,5.952045258947649927e+03
5.819468041862498053e-02,6.010941470676058998e+03
5.872388584825032065e-02,6.080636588206099987e+03
5.916512748179120207e-02,6.135572895401230198e+03
5.939694020536789160e-02,6.155992158958059008e+03
5.939921620714792849e-02,6.139001370089175907e+03
5.920302089520039501e-02,6.090286458792111262e+03
5.891590533950999409e-02,6.028026506383829656e+03
5.874962218842715717e-02,5.987547922158273650e+03
5.876038676306167413e-02,5.976965788173859437e+03
5.902900734110534675e-02,6.008016754648715505e+03
5.950105007368859666e-02,6.070538192329439880e+03
6.000614193302648142e-02,6.136942161905683861e+03
6.044360307240634334e-02,6.190983002355654207e+03
6.066086512302196893e-02,6.206615355378796266e+03
6.065594980603371961e-02,6.184898578875436215e+03
6.047607374225753840e-02,6.134203653503745045e+03
6.024683635406200000e-02,6.076678351066180767e+03
6.014862298473772073e-02,6.043304938654617217e+03
6.025709331291186771e-02,6.045079978611109254e+03
6.054720186924294340e-02,6.077283139773608127e+03
6.099616901013040632e-02,6.135820008989679081e+03
6.147684008747152096e-02,6.198312566831107688e+03
6.187919914487315098e-02,6.246071979619824560e+03
6.208574235473555969e-02,6.258009431443556423e+03
6.209952133795774293e-02,6.235836385815646281e+03
6.196832710467110872e-02,6.188334629478443276e+03
6.182106205141328636e-02,6.139199029051854268e+03
6.275369597996410809e-02,6.217748826572900725e+03
6.323256490173397026e-02,6.277846836866976446e+03
6.361454174497480074e-02,6.318982315281205956e+03
6.385519832166305920e-02,6.332364714860961612e+03
6.392727399101964803e-02,6.313262576988895489e+03
